branch,species,species_code,grain,predictor,relative_contribution,relative_contribution_pct,raw_contribution,n_kept_models,n_algorithms,n_input_predictors,n_candidate_models,n_kept_models_total,n_kept_algorithms,sum_effective_model_weights,source_file
recent_extrapol_weights_all_selected,Gentiana dinarica,GD,100,bio18,0.14781441499014106,14.781441499014106,0.14781441499014106,40,5,9,216,173,5,1,/auto/brno2/brno2/zbubster/diplomka/models/ESM/recent_extrapol_weights_all_selected/GD/100/esm_fit_bivariate.rds
recent_extrapol_weights_all_selected,Gentiana dinarica,GD,100,bio04,0.14491229079940193,14.491229079940194,0.14491229079940193,40,5,9,216,173,5,1,/auto/brno2/brno2/zbubster/diplomka/models/ESM/recent_extrapol_weights_all_selected/GD/100/esm_fit_bivariate.rds
recent_extrapol_weights_all_selected,Gentiana dinarica,GD,100,bio10,0.14219381320204172,14.219381320204171,0.14219381320204172,40,5,9,216,173,5,1,/auto/brno2/brno2/zbubster/diplomka/models/ESM/recent_extrapol_weights_all_selected/GD/100/esm_fit_bivariate.rds
recent_extrapol_weights_all_selected,Gentiana dinarica,GD,100,bio19,0.12438598254260949,12.438598254260949,0.12438598254260949,40,5,9,216,173,5,1,/auto/brno2/brno2/zbubster/diplomka/models/ESM/recent_extrapol_weights_all_selected/GD/100/esm_fit_bivariate.rds
recent_extrapol_weights_all_selected,Gentiana dinarica,GD,100,bedrock,0.12034705325605784,12.034705325605783,0.12034705325605784,40,5,9,216,173,5,1,/auto/brno2/brno2/zbubster/diplomka/models/ESM/recent_extrapol_weights_all_selected/GD/100/esm_fit_bivariate.rds
recent_extrapol_weights_all_selected,Gentiana dinarica,GD,100,TPI,0.09713665473677727,9.713665473677727,0.09713665473677727,38,5,9,216,173,5,1,/auto/brno2/brno2/zbubster/diplomka/models/ESM/recent_extrapol_weights_all_selected/GD/100/esm_fit_bivariate.rds
recent_extrapol_weights_all_selected,Gentiana dinarica,GD,100,dem_sd,0.08420915495602352,8.420915495602351,0.08420915495602352,38,5,9,216,173,5,1,/auto/brno2/brno2/zbubster/diplomka/models/ESM/recent_extrapol_weights_all_selected/GD/100/esm_fit_bivariate.rds
recent_extrapol_weights_all_selected,Gentiana dinarica,GD,100,northness,0.07443895154092006,7.443895154092006,0.07443895154092006,36,5,9,216,173,5,1,/auto/brno2/brno2/zbubster/diplomka/models/ESM/recent_extrapol_weights_all_selected/GD/100/esm_fit_bivariate.rds
recent_extrapol_weights_all_selected,Gentiana dinarica,GD,100,eastness,0.06456168397602716,6.456168397602716,0.06456168397602716,34,5,9,216,173,5,1,/auto/brno2/brno2/zbubster/diplomka/models/ESM/recent_extrapol_weights_all_selected/GD/100/esm_fit_bivariate.rds
recent_extrapol_weights_all_selected,Gentiana dinarica,GD,1000,bio19,0.1496541575449354,14.965415754493542,0.1496541575449354,45,5,10,270,189,5,1,/auto/brno2/brno2/zbubster/diplomka/models/ESM/recent_extrapol_weights_all_selected/GD/1000/esm_fit_bivariate.rds
recent_extrapol_weights_all_selected,Gentiana dinarica,GD,1000,bio04,0.1377238852619505,13.772388526195051,0.1377238852619505,43,5,10,270,189,5,1,/auto/brno2/brno2/zbubster/diplomka/models/ESM/recent_extrapol_weights_all_selected/GD/1000/esm_fit_bivariate.rds
recent_extrapol_weights_all_selected,Gentiana dinarica,GD,1000,bio10,0.13058453022089678,13.058453022089678,0.13058453022089678,45,5,10,270,189,5,1,/auto/brno2/brno2/zbubster/diplomka/models/ESM/recent_extrapol_weights_all_selected/GD/1000/esm_fit_bivariate.rds
recent_extrapol_weights_all_selected,Gentiana dinarica,GD,1000,bio18,0.1290720199308656,12.90720199308656,0.1290720199308656,45,5,10,270,189,5,1,/auto/brno2/brno2/zbubster/diplomka/models/ESM/recent_extrapol_weights_all_selected/GD/1000/esm_fit_bivariate.rds
recent_extrapol_weights_all_selected,Gentiana dinarica,GD,1000,TPI,0.11316733589290064,11.316733589290063,0.11316733589290064,42,5,10,270,189,5,1,/auto/brno2/brno2/zbubster/diplomka/models/ESM/recent_extrapol_weights_all_selected/GD/1000/esm_fit_bivariate.rds
recent_extrapol_weights_all_selected,Gentiana dinarica,GD,1000,slope,0.09632874416300559,9.63287441630056,0.09632874416300559,39,5,10,270,189,5,1,/auto/brno2/brno2/zbubster/diplomka/models/ESM/recent_extrapol_weights_all_selected/GD/1000/esm_fit_bivariate.rds
recent_extrapol_weights_all_selected,Gentiana dinarica,GD,1000,bedrock,0.08012242762796487,8.012242762796488,0.08012242762796487,32,5,10,270,189,5,1,/auto/brno2/brno2/zbubster/diplomka/models/ESM/recent_extrapol_weights_all_selected/GD/1000/esm_fit_bivariate.rds
recent_extrapol_weights_all_selected,Gentiana dinarica,GD,1000,dem_sd,0.06520399354647041,6.520399354647041,0.06520399354647041,32,5,10,270,189,5,1,/auto/brno2/brno2/zbubster/diplomka/models/ESM/recent_extrapol_weights_all_selected/GD/1000/esm_fit_bivariate.rds
recent_extrapol_weights_all_selected,Gentiana dinarica,GD,1000,eastness,0.05891468983212021,5.891468983212021,0.05891468983212021,30,5,10,270,189,5,1,/auto/brno2/brno2/zbubster/diplomka/models/ESM/recent_extrapol_weights_all_selected/GD/1000/esm_fit_bivariate.rds
recent_extrapol_weights_all_selected,Gentiana dinarica,GD,1000,northness,0.03922821597889009,3.9228215978890093,0.03922821597889009,25,5,10,270,189,5,1,/auto/brno2/brno2/zbubster/diplomka/models/ESM/recent_extrapol_weights_all_selected/GD/1000/esm_fit_bivariate.rds
recent_extrapol_weights_all_selected,Gentiana dinarica,GD,200,bio10,0.15791202609794946,15.791202609794947,0.15791202609794946,37,5,9,216,151,5,1,/auto/brno2/brno2/zbubster/diplomka/models/ESM/recent_extrapol_weights_all_selected/GD/200/esm_fit_bivariate.rds
recent_extrapol_weights_all_selected,Gentiana dinarica,GD,200,bio18,0.1531671859164414,15.31671859164414,0.1531671859164414,40,5,9,216,151,5,1,/auto/brno2/brno2/zbubster/diplomka/models/ESM/recent_extrapol_weights_all_selected/GD/200/esm_fit_bivariate.rds
recent_extrapol_weights_all_selected,Gentiana dinarica,GD,200,bio19,0.14109673207418916,14.109673207418915,0.14109673207418916,39,5,9,216,151,5,1,/auto/brno2/brno2/zbubster/diplomka/models/ESM/recent_extrapol_weights_all_selected/GD/200/esm_fit_bivariate.rds
recent_extrapol_weights_all_selected,Gentiana dinarica,GD,200,dem_sd,0.13728326189288362,13.728326189288362,0.13728326189288362,36,5,9,216,151,5,1,/auto/brno2/brno2/zbubster/diplomka/models/ESM/recent_extrapol_weights_all_selected/GD/200/esm_fit_bivariate.rds
recent_extrapol_weights_all_selected,Gentiana dinarica,GD,200,bio04,0.12910591922547648,12.910591922547649,0.12910591922547648,39,5,9,216,151,5,1,/auto/brno2/brno2/zbubster/diplomka/models/ESM/recent_extrapol_weights_all_selected/GD/200/esm_fit_bivariate.rds
recent_extrapol_weights_all_selected,Gentiana dinarica,GD,200,bedrock,0.09169541856662368,9.169541856662368,0.09169541856662368,33,5,9,216,151,5,1,/auto/brno2/brno2/zbubster/diplomka/models/ESM/recent_extrapol_weights_all_selected/GD/200/esm_fit_bivariate.rds
recent_extrapol_weights_all_selected,Gentiana dinarica,GD,200,TPI,0.075191579818421,7.519157981842101,0.075191579818421,27,5,9,216,151,5,1,/auto/brno2/brno2/zbubster/diplomka/models/ESM/recent_extrapol_weights_all_selected/GD/200/esm_fit_bivariate.rds
recent_extrapol_weights_all_selected,Gentiana dinarica,GD,200,northness,0.06264807420305009,6.264807420305009,0.06264807420305009,26,5,9,216,151,5,1,/auto/brno2/brno2/zbubster/diplomka/models/ESM/recent_extrapol_weights_all_selected/GD/200/esm_fit_bivariate.rds
recent_extrapol_weights_all_selected,Gentiana dinarica,GD,200,eastness,0.05189980220496518,5.189980220496518,0.05189980220496518,25,5,9,216,151,5,1,/auto/brno2/brno2/zbubster/diplomka/models/ESM/recent_extrapol_weights_all_selected/GD/200/esm_fit_bivariate.rds
recent_extrapol_weights_all_selected,Gentiana dinarica,GD,500,bio04,0.14598837003252402,14.598837003252402,0.14598837003252402,40,5,9,216,173,5,1,/auto/brno2/brno2/zbubster/diplomka/models/ESM/recent_extrapol_weights_all_selected/GD/500/esm_fit_bivariate.rds
recent_extrapol_weights_all_selected,Gentiana dinarica,GD,500,TPI,0.13668044025450446,13.668044025450445,0.13668044025450446,40,5,9,216,173,5,1,/auto/brno2/brno2/zbubster/diplomka/models/ESM/recent_extrapol_weights_all_selected/GD/500/esm_fit_bivariate.rds
recent_extrapol_weights_all_selected,Gentiana dinarica,GD,500,bio19,0.13063262835853606,13.063262835853607,0.13063262835853606,40,5,9,216,173,5,1,/auto/brno2/brno2/zbubster/diplomka/models/ESM/recent_extrapol_weights_all_selected/GD/500/esm_fit_bivariate.rds
recent_extrapol_weights_all_selected,Gentiana dinarica,GD,500,bio18,0.12897380536345812,12.897380536345812,0.12897380536345812,40,5,9,216,173,5,1,/auto/brno2/brno2/zbubster/diplomka/models/ESM/recent_extrapol_weights_all_selected/GD/500/esm_fit_bivariate.rds
recent_extrapol_weights_all_selected,Gentiana dinarica,GD,500,bio10,0.12193225715876163,12.193225715876164,0.12193225715876163,40,5,9,216,173,5,1,/auto/brno2/brno2/zbubster/diplomka/models/ESM/recent_extrapol_weights_all_selected/GD/500/esm_fit_bivariate.rds
recent_extrapol_weights_all_selected,Gentiana dinarica,GD,500,bedrock,0.10036943060670414,10.036943060670414,0.10036943060670414,39,5,9,216,173,5,1,/auto/brno2/brno2/zbubster/diplomka/models/ESM/recent_extrapol_weights_all_selected/GD/500/esm_fit_bivariate.rds
recent_extrapol_weights_all_selected,Gentiana dinarica,GD,500,dem_sd,0.0865284293717488,8.65284293717488,0.0865284293717488,36,5,9,216,173,5,1,/auto/brno2/brno2/zbubster/diplomka/models/ESM/recent_extrapol_weights_all_selected/GD/500/esm_fit_bivariate.rds
recent_extrapol_weights_all_selected,Gentiana dinarica,GD,500,northness,0.08552633624538741,8.55263362453874,0.08552633624538741,37,5,9,216,173,5,1,/auto/brno2/brno2/zbubster/diplomka/models/ESM/recent_extrapol_weights_all_selected/GD/500/esm_fit_bivariate.rds
recent_extrapol_weights_all_selected,Gentiana dinarica,GD,500,eastness,0.06336830260837538,6.336830260837538,0.06336830260837538,34,5,9,216,173,5,1,/auto/brno2/brno2/zbubster/diplomka/models/ESM/recent_extrapol_weights_all_selected/GD/500/esm_fit_bivariate.rds
recent_extrapol_weights_all_selected,Gentiana tergestina,GT,100,bio18,0.16948764082411938,16.948764082411937,0.16948764082411938,40,5,9,216,163,5,1,/auto/brno2/brno2/zbubster/diplomka/models/ESM/recent_extrapol_weights_all_selected/GT/100/esm_fit_bivariate.rds
recent_extrapol_weights_all_selected,Gentiana tergestina,GT,100,bio10,0.1462912043038685,14.62912043038685,0.1462912043038685,40,5,9,216,163,5,1,/auto/brno2/brno2/zbubster/diplomka/models/ESM/recent_extrapol_weights_all_selected/GT/100/esm_fit_bivariate.rds
recent_extrapol_weights_all_selected,Gentiana tergestina,GT,100,bedrock,0.13380786206718248,13.380786206718248,0.13380786206718248,40,5,9,216,163,5,1,/auto/brno2/brno2/zbubster/diplomka/models/ESM/recent_extrapol_weights_all_selected/GT/100/esm_fit_bivariate.rds
recent_extrapol_weights_all_selected,Gentiana tergestina,GT,100,bio04,0.13014721065865661,13.014721065865661,0.13014721065865661,36,5,9,216,163,5,1,/auto/brno2/brno2/zbubster/diplomka/models/ESM/recent_extrapol_weights_all_selected/GT/100/esm_fit_bivariate.rds
recent_extrapol_weights_all_selected,Gentiana tergestina,GT,100,bio19,0.10644599294235989,10.644599294235988,0.10644599294235989,36,5,9,216,163,5,1,/auto/brno2/brno2/zbubster/diplomka/models/ESM/recent_extrapol_weights_all_selected/GT/100/esm_fit_bivariate.rds
recent_extrapol_weights_all_selected,Gentiana tergestina,GT,100,northness,0.09592576675688429,9.592576675688429,0.09592576675688429,38,5,9,216,163,5,1,/auto/brno2/brno2/zbubster/diplomka/models/ESM/recent_extrapol_weights_all_selected/GT/100/esm_fit_bivariate.rds
recent_extrapol_weights_all_selected,Gentiana tergestina,GT,100,TPI,0.07557868412833225,7.557868412833225,0.07557868412833225,33,5,9,216,163,5,1,/auto/brno2/brno2/zbubster/diplomka/models/ESM/recent_extrapol_weights_all_selected/GT/100/esm_fit_bivariate.rds
recent_extrapol_weights_all_selected,Gentiana tergestina,GT,100,dem_sd,0.07217587408407063,7.217587408407063,0.07217587408407063,32,5,9,216,163,5,1,/auto/brno2/brno2/zbubster/diplomka/models/ESM/recent_extrapol_weights_all_selected/GT/100/esm_fit_bivariate.rds
recent_extrapol_weights_all_selected,Gentiana tergestina,GT,100,eastness,0.07013976423452602,7.013976423452601,0.07013976423452602,31,5,9,216,163,5,1,/auto/brno2/brno2/zbubster/diplomka/models/ESM/recent_extrapol_weights_all_selected/GT/100/esm_fit_bivariate.rds
recent_extrapol_weights_all_selected,Gentiana tergestina,GT,1000,bio18,0.19208775634739056,19.208775634739055,0.19208775634739053,45,5,10,270,208,5,0.9999999999999999,/auto/brno2/brno2/zbubster/diplomka/models/ESM/recent_extrapol_weights_all_selected/GT/1000/esm_fit_bivariate.rds
recent_extrapol_weights_all_selected,Gentiana tergestina,GT,1000,bio10,0.13827837402838597,13.827837402838597,0.13827837402838594,44,5,10,270,208,5,0.9999999999999999,/auto/brno2/brno2/zbubster/diplomka/models/ESM/recent_extrapol_weights_all_selected/GT/1000/esm_fit_bivariate.rds
recent_extrapol_weights_all_selected,Gentiana tergestina,GT,1000,northness,0.10279847411782389,10.27984741178239,0.10279847411782388,43,5,10,270,208,5,0.9999999999999999,/auto/brno2/brno2/zbubster/diplomka/models/ESM/recent_extrapol_weights_all_selected/GT/1000/esm_fit_bivariate.rds
recent_extrapol_weights_all_selected,Gentiana tergestina,GT,1000,bedrock,0.09166531103418002,9.166531103418002,0.09166531103418,43,5,10,270,208,5,0.9999999999999999,/auto/brno2/brno2/zbubster/diplomka/models/ESM/recent_extrapol_weights_all_selected/GT/1000/esm_fit_bivariate.rds
recent_extrapol_weights_all_selected,Gentiana tergestina,GT,1000,dem_sd,0.08890962886491997,8.890962886491998,0.08890962886491996,40,5,10,270,208,5,0.9999999999999999,/auto/brno2/brno2/zbubster/diplomka/models/ESM/recent_extrapol_weights_all_selected/GT/1000/esm_fit_bivariate.rds
recent_extrapol_weights_all_selected,Gentiana tergestina,GT,1000,TPI,0.08454287432890793,8.454287432890792,0.08454287432890792,42,5,10,270,208,5,0.9999999999999999,/auto/brno2/brno2/zbubster/diplomka/models/ESM/recent_extrapol_weights_all_selected/GT/1000/esm_fit_bivariate.rds
recent_extrapol_weights_all_selected,Gentiana tergestina,GT,1000,slope,0.08364488203892459,8.364488203892458,0.08364488203892458,44,5,10,270,208,5,0.9999999999999999,/auto/brno2/brno2/zbubster/diplomka/models/ESM/recent_extrapol_weights_all_selected/GT/1000/esm_fit_bivariate.rds
recent_extrapol_weights_all_selected,Gentiana tergestina,GT,1000,bio19,0.08075201023940519,8.075201023940519,0.08075201023940518,42,5,10,270,208,5,0.9999999999999999,/auto/brno2/brno2/zbubster/diplomka/models/ESM/recent_extrapol_weights_all_selected/GT/1000/esm_fit_bivariate.rds
recent_extrapol_weights_all_selected,Gentiana tergestina,GT,1000,bio04,0.07543855212066963,7.543855212066964,0.07543855212066962,38,5,10,270,208,5,0.9999999999999999,/auto/brno2/brno2/zbubster/diplomka/models/ESM/recent_extrapol_weights_all_selected/GT/1000/esm_fit_bivariate.rds
recent_extrapol_weights_all_selected,Gentiana tergestina,GT,1000,eastness,0.061882136879392285,6.188213687939228,0.06188213687939228,35,5,10,270,208,5,0.9999999999999999,/auto/brno2/brno2/zbubster/diplomka/models/ESM/recent_extrapol_weights_all_selected/GT/1000/esm_fit_bivariate.rds
recent_extrapol_weights_all_selected,Gentiana tergestina,GT,200,bio18,0.1624151575093869,16.24151575093869,0.16241515750938693,40,5,9,216,164,5,1.0000000000000002,/auto/brno2/brno2/zbubster/diplomka/models/ESM/recent_extrapol_weights_all_selected/GT/200/esm_fit_bivariate.rds
recent_extrapol_weights_all_selected,Gentiana tergestina,GT,200,bio10,0.1475534859314926,14.75534859314926,0.14755348593149262,40,5,9,216,164,5,1.0000000000000002,/auto/brno2/brno2/zbubster/diplomka/models/ESM/recent_extrapol_weights_all_selected/GT/200/esm_fit_bivariate.rds
recent_extrapol_weights_all_selected,Gentiana tergestina,GT,200,bio04,0.14517491240120436,14.517491240120437,0.1451749124012044,36,5,9,216,164,5,1.0000000000000002,/auto/brno2/brno2/zbubster/diplomka/models/ESM/recent_extrapol_weights_all_selected/GT/200/esm_fit_bivariate.rds
recent_extrapol_weights_all_selected,Gentiana tergestina,GT,200,bedrock,0.12799468267519692,12.799468267519693,0.12799468267519695,40,5,9,216,164,5,1.0000000000000002,/auto/brno2/brno2/zbubster/diplomka/models/ESM/recent_extrapol_weights_all_selected/GT/200/esm_fit_bivariate.rds
recent_extrapol_weights_all_selected,Gentiana tergestina,GT,200,bio19,0.11743369144314501,11.743369144314501,0.11743369144314504,37,5,9,216,164,5,1.0000000000000002,/auto/brno2/brno2/zbubster/diplomka/models/ESM/recent_extrapol_weights_all_selected/GT/200/esm_fit_bivariate.rds
recent_extrapol_weights_all_selected,Gentiana tergestina,GT,200,northness,0.08883283641869245,8.883283641869246,0.08883283641869247,38,5,9,216,164,5,1.0000000000000002,/auto/brno2/brno2/zbubster/diplomka/models/ESM/recent_extrapol_weights_all_selected/GT/200/esm_fit_bivariate.rds
recent_extrapol_weights_all_selected,Gentiana tergestina,GT,200,TPI,0.07640847353439764,7.6408473534397645,0.07640847353439766,36,5,9,216,164,5,1.0000000000000002,/auto/brno2/brno2/zbubster/diplomka/models/ESM/recent_extrapol_weights_all_selected/GT/200/esm_fit_bivariate.rds
recent_extrapol_weights_all_selected,Gentiana tergestina,GT,200,dem_sd,0.07071923329462163,7.071923329462162,0.07071923329462164,31,5,9,216,164,5,1.0000000000000002,/auto/brno2/brno2/zbubster/diplomka/models/ESM/recent_extrapol_weights_all_selected/GT/200/esm_fit_bivariate.rds
recent_extrapol_weights_all_selected,Gentiana tergestina,GT,200,eastness,0.06346752679186243,6.346752679186244,0.06346752679186245,30,5,9,216,164,5,1.0000000000000002,/auto/brno2/brno2/zbubster/diplomka/models/ESM/recent_extrapol_weights_all_selected/GT/200/esm_fit_bivariate.rds
recent_extrapol_weights_all_selected,Gentiana tergestina,GT,500,bio18,0.17079172736578205,17.079172736578204,0.17079172736578205,40,5,9,216,160,5,1,/auto/brno2/brno2/zbubster/diplomka/models/ESM/recent_extrapol_weights_all_selected/GT/500/esm_fit_bivariate.rds
recent_extrapol_weights_all_selected,Gentiana tergestina,GT,500,bio10,0.16833047143490618,16.833047143490617,0.16833047143490618,40,5,9,216,160,5,1,/auto/brno2/brno2/zbubster/diplomka/models/ESM/recent_extrapol_weights_all_selected/GT/500/esm_fit_bivariate.rds
recent_extrapol_weights_all_selected,Gentiana tergestina,GT,500,bio19,0.11911924920007534,11.911924920007534,0.11911924920007534,38,5,9,216,160,5,1,/auto/brno2/brno2/zbubster/diplomka/models/ESM/recent_extrapol_weights_all_selected/GT/500/esm_fit_bivariate.rds
recent_extrapol_weights_all_selected,Gentiana tergestina,GT,500,northness,0.114935819157773,11.4935819157773,0.114935819157773,39,5,9,216,160,5,1,/auto/brno2/brno2/zbubster/diplomka/models/ESM/recent_extrapol_weights_all_selected/GT/500/esm_fit_bivariate.rds
recent_extrapol_weights_all_selected,Gentiana tergestina,GT,500,bedrock,0.11200298887782781,11.20029888778278,0.11200298887782781,36,5,9,216,160,5,1,/auto/brno2/brno2/zbubster/diplomka/models/ESM/recent_extrapol_weights_all_selected/GT/500/esm_fit_bivariate.rds
recent_extrapol_weights_all_selected,Gentiana tergestina,GT,500,TPI,0.10318440276860752,10.318440276860752,0.10318440276860752,37,5,9,216,160,5,1,/auto/brno2/brno2/zbubster/diplomka/models/ESM/recent_extrapol_weights_all_selected/GT/500/esm_fit_bivariate.rds
recent_extrapol_weights_all_selected,Gentiana tergestina,GT,500,eastness,0.07904738914135644,7.904738914135644,0.07904738914135644,33,5,9,216,160,5,1,/auto/brno2/brno2/zbubster/diplomka/models/ESM/recent_extrapol_weights_all_selected/GT/500/esm_fit_bivariate.rds
recent_extrapol_weights_all_selected,Gentiana tergestina,GT,500,bio04,0.06983902255461624,6.983902255461624,0.06983902255461624,29,5,9,216,160,5,1,/auto/brno2/brno2/zbubster/diplomka/models/ESM/recent_extrapol_weights_all_selected/GT/500/esm_fit_bivariate.rds
recent_extrapol_weights_all_selected,Gentiana tergestina,GT,500,dem_sd,0.06274892949905546,6.274892949905546,0.06274892949905546,28,5,9,216,160,5,1,/auto/brno2/brno2/zbubster/diplomka/models/ESM/recent_extrapol_weights_all_selected/GT/500/esm_fit_bivariate.rds
recent_extrapol_weights_all_selected,Primula kitaibeliana,PK,100,bio10,0.15069806249412088,15.069806249412087,0.15069806249412088,40,5,9,216,174,5,1,/auto/brno2/brno2/zbubster/diplomka/models/ESM/recent_extrapol_weights_all_selected/PK/100/esm_fit_bivariate.rds
recent_extrapol_weights_all_selected,Primula kitaibeliana,PK,100,bio19,0.14245835108179772,14.245835108179772,0.14245835108179772,40,5,9,216,174,5,1,/auto/brno2/brno2/zbubster/diplomka/models/ESM/recent_extrapol_weights_all_selected/PK/100/esm_fit_bivariate.rds
recent_extrapol_weights_all_selected,Primula kitaibeliana,PK,100,bio04,0.13659441005932735,13.659441005932734,0.13659441005932735,40,5,9,216,174,5,1,/auto/brno2/brno2/zbubster/diplomka/models/ESM/recent_extrapol_weights_all_selected/PK/100/esm_fit_bivariate.rds
recent_extrapol_weights_all_selected,Primula kitaibeliana,PK,100,bedrock,0.12005348769161563,12.005348769161563,0.12005348769161563,40,5,9,216,174,5,1,/auto/brno2/brno2/zbubster/diplomka/models/ESM/recent_extrapol_weights_all_selected/PK/100/esm_fit_bivariate.rds
recent_extrapol_weights_all_selected,Primula kitaibeliana,PK,100,bio18,0.11720635656080215,11.720635656080216,0.11720635656080215,39,5,9,216,174,5,1,/auto/brno2/brno2/zbubster/diplomka/models/ESM/recent_extrapol_weights_all_selected/PK/100/esm_fit_bivariate.rds
recent_extrapol_weights_all_selected,Primula kitaibeliana,PK,100,TPI,0.09801530493468663,9.801530493468663,0.09801530493468663,40,5,9,216,174,5,1,/auto/brno2/brno2/zbubster/diplomka/models/ESM/recent_extrapol_weights_all_selected/PK/100/esm_fit_bivariate.rds
recent_extrapol_weights_all_selected,Primula kitaibeliana,PK,100,dem_sd,0.08907375062996534,8.907375062996534,0.08907375062996534,39,5,9,216,174,5,1,/auto/brno2/brno2/zbubster/diplomka/models/ESM/recent_extrapol_weights_all_selected/PK/100/esm_fit_bivariate.rds
recent_extrapol_weights_all_selected,Primula kitaibeliana,PK,100,northness,0.07543906976648729,7.543906976648729,0.07543906976648729,36,5,9,216,174,5,1,/auto/brno2/brno2/zbubster/diplomka/models/ESM/recent_extrapol_weights_all_selected/PK/100/esm_fit_bivariate.rds
recent_extrapol_weights_all_selected,Primula kitaibeliana,PK,100,eastness,0.07046120678119697,7.0461206781196966,0.07046120678119697,34,5,9,216,174,5,1,/auto/brno2/brno2/zbubster/diplomka/models/ESM/recent_extrapol_weights_all_selected/PK/100/esm_fit_bivariate.rds
recent_extrapol_weights_all_selected,Primula kitaibeliana,PK,1000,bio10,0.14786916520323173,14.786916520323173,0.14786916520323173,50,5,11,330,250,5,1,/auto/brno2/brno2/zbubster/diplomka/models/ESM/recent_extrapol_weights_all_selected/PK/1000/esm_fit_bivariate.rds
recent_extrapol_weights_all_selected,Primula kitaibeliana,PK,1000,bio19,0.1415746749632472,14.157467496324719,0.1415746749632472,50,5,11,330,250,5,1,/auto/brno2/brno2/zbubster/diplomka/models/ESM/recent_extrapol_weights_all_selected/PK/1000/esm_fit_bivariate.rds
recent_extrapol_weights_all_selected,Primula kitaibeliana,PK,1000,bedrock,0.12058406635376329,12.058406635376329,0.12058406635376329,50,5,11,330,250,5,1,/auto/brno2/brno2/zbubster/diplomka/models/ESM/recent_extrapol_weights_all_selected/PK/1000/esm_fit_bivariate.rds
recent_extrapol_weights_all_selected,Primula kitaibeliana,PK,1000,TPI,0.10455775152115113,10.455775152115113,0.10455775152115113,48,5,11,330,250,5,1,/auto/brno2/brno2/zbubster/diplomka/models/ESM/recent_extrapol_weights_all_selected/PK/1000/esm_fit_bivariate.rds
recent_extrapol_weights_all_selected,Primula kitaibeliana,PK,1000,bio04,0.09819793014215485,9.819793014215485,0.09819793014215485,47,5,11,330,250,5,1,/auto/brno2/brno2/zbubster/diplomka/models/ESM/recent_extrapol_weights_all_selected/PK/1000/esm_fit_bivariate.rds
recent_extrapol_weights_all_selected,Primula kitaibeliana,PK,1000,slope,0.07406476327631455,7.406476327631455,0.07406476327631455,48,5,11,330,250,5,1,/auto/brno2/brno2/zbubster/diplomka/models/ESM/recent_extrapol_weights_all_selected/PK/1000/esm_fit_bivariate.rds
recent_extrapol_weights_all_selected,Primula kitaibeliana,PK,1000,eastness,0.06948424588841547,6.948424588841546,0.06948424588841547,44,5,11,330,250,5,1,/auto/brno2/brno2/zbubster/diplomka/models/ESM/recent_extrapol_weights_all_selected/PK/1000/esm_fit_bivariate.rds
recent_extrapol_weights_all_selected,Primula kitaibeliana,PK,1000,bio18,0.0691355126230326,6.913551262303259,0.0691355126230326,45,5,11,330,250,5,1,/auto/brno2/brno2/zbubster/diplomka/models/ESM/recent_extrapol_weights_all_selected/PK/1000/esm_fit_bivariate.rds
recent_extrapol_weights_all_selected,Primula kitaibeliana,PK,1000,northness,0.0648062208338155,6.48062208338155,0.0648062208338155,43,5,11,330,250,5,1,/auto/brno2/brno2/zbubster/diplomka/models/ESM/recent_extrapol_weights_all_selected/PK/1000/esm_fit_bivariate.rds
recent_extrapol_weights_all_selected,Primula kitaibeliana,PK,1000,dem_sd,0.06234143361698726,6.2341433616987265,0.06234143361698726,41,5,11,330,250,5,1,/auto/brno2/brno2/zbubster/diplomka/models/ESM/recent_extrapol_weights_all_selected/PK/1000/esm_fit_bivariate.rds
recent_extrapol_weights_all_selected,Primula kitaibeliana,PK,1000,TRI,0.04738423557788651,4.738423557788652,0.04738423557788651,34,5,11,330,250,5,1,/auto/brno2/brno2/zbubster/diplomka/models/ESM/recent_extrapol_weights_all_selected/PK/1000/esm_fit_bivariate.rds
recent_extrapol_weights_all_selected,Primula kitaibeliana,PK,200,bio19,0.15212326692023434,15.212326692023433,0.15212326692023434,40,5,9,216,172,5,1,/auto/brno2/brno2/zbubster/diplomka/models/ESM/recent_extrapol_weights_all_selected/PK/200/esm_fit_bivariate.rds
recent_extrapol_weights_all_selected,Primula kitaibeliana,PK,200,bio10,0.13824932669633777,13.824932669633776,0.13824932669633777,40,5,9,216,172,5,1,/auto/brno2/brno2/zbubster/diplomka/models/ESM/recent_extrapol_weights_all_selected/PK/200/esm_fit_bivariate.rds
recent_extrapol_weights_all_selected,Primula kitaibeliana,PK,200,bedrock,0.12792894435593657,12.792894435593658,0.12792894435593657,40,5,9,216,172,5,1,/auto/brno2/brno2/zbubster/diplomka/models/ESM/recent_extrapol_weights_all_selected/PK/200/esm_fit_bivariate.rds
recent_extrapol_weights_all_selected,Primula kitaibeliana,PK,200,bio04,0.11839454383518595,11.839454383518595,0.11839454383518595,40,5,9,216,172,5,1,/auto/brno2/brno2/zbubster/diplomka/models/ESM/recent_extrapol_weights_all_selected/PK/200/esm_fit_bivariate.rds
recent_extrapol_weights_all_selected,Primula kitaibeliana,PK,200,bio18,0.11729759041497782,11.729759041497783,0.11729759041497782,38,5,9,216,172,5,1,/auto/brno2/brno2/zbubster/diplomka/models/ESM/recent_extrapol_weights_all_selected/PK/200/esm_fit_bivariate.rds
recent_extrapol_weights_all_selected,Primula kitaibeliana,PK,200,TPI,0.1039595988481563,10.39595988481563,0.1039595988481563,40,5,9,216,172,5,1,/auto/brno2/brno2/zbubster/diplomka/models/ESM/recent_extrapol_weights_all_selected/PK/200/esm_fit_bivariate.rds
recent_extrapol_weights_all_selected,Primula kitaibeliana,PK,200,dem_sd,0.09097119843882466,9.097119843882465,0.09097119843882466,38,5,9,216,172,5,1,/auto/brno2/brno2/zbubster/diplomka/models/ESM/recent_extrapol_weights_all_selected/PK/200/esm_fit_bivariate.rds
recent_extrapol_weights_all_selected,Primula kitaibeliana,PK,200,northness,0.08024949369177968,8.024949369177968,0.08024949369177968,34,5,9,216,172,5,1,/auto/brno2/brno2/zbubster/diplomka/models/ESM/recent_extrapol_weights_all_selected/PK/200/esm_fit_bivariate.rds
recent_extrapol_weights_all_selected,Primula kitaibeliana,PK,200,eastness,0.07082603679856692,7.082603679856692,0.07082603679856692,34,5,9,216,172,5,1,/auto/brno2/brno2/zbubster/diplomka/models/ESM/recent_extrapol_weights_all_selected/PK/200/esm_fit_bivariate.rds
recent_extrapol_weights_all_selected,Primula kitaibeliana,PK,500,bio10,0.1730928591577395,17.309285915773952,0.1730928591577395,45,5,10,270,212,5,1,/auto/brno2/brno2/zbubster/diplomka/models/ESM/recent_extrapol_weights_all_selected/PK/500/esm_fit_bivariate.rds
recent_extrapol_weights_all_selected,Primula kitaibeliana,PK,500,bio19,0.15632854696541512,15.632854696541512,0.15632854696541512,45,5,10,270,212,5,1,/auto/brno2/brno2/zbubster/diplomka/models/ESM/recent_extrapol_weights_all_selected/PK/500/esm_fit_bivariate.rds
recent_extrapol_weights_all_selected,Primula kitaibeliana,PK,500,bedrock,0.12497885462813536,12.497885462813537,0.12497885462813536,44,5,10,270,212,5,1,/auto/brno2/brno2/zbubster/diplomka/models/ESM/recent_extrapol_weights_all_selected/PK/500/esm_fit_bivariate.rds
recent_extrapol_weights_all_selected,Primula kitaibeliana,PK,500,bio18,0.09026142337356848,9.026142337356848,0.09026142337356848,39,5,10,270,212,5,1,/auto/brno2/brno2/zbubster/diplomka/models/ESM/recent_extrapol_weights_all_selected/PK/500/esm_fit_bivariate.rds
recent_extrapol_weights_all_selected,Primula kitaibeliana,PK,500,northness,0.0783322481063088,7.83322481063088,0.0783322481063088,43,5,10,270,212,5,1,/auto/brno2/brno2/zbubster/diplomka/models/ESM/recent_extrapol_weights_all_selected/PK/500/esm_fit_bivariate.rds
recent_extrapol_weights_all_selected,Primula kitaibeliana,PK,500,slope,0.07744971729011489,7.744971729011489,0.07744971729011489,44,5,10,270,212,5,1,/auto/brno2/brno2/zbubster/diplomka/models/ESM/recent_extrapol_weights_all_selected/PK/500/esm_fit_bivariate.rds
recent_extrapol_weights_all_selected,Primula kitaibeliana,PK,500,TPI,0.07570237506957447,7.570237506957447,0.07570237506957447,40,5,10,270,212,5,1,/auto/brno2/brno2/zbubster/diplomka/models/ESM/recent_extrapol_weights_all_selected/PK/500/esm_fit_bivariate.rds
recent_extrapol_weights_all_selected,Primula kitaibeliana,PK,500,dem_sd,0.0753642086301212,7.536420863012119,0.0753642086301212,42,5,10,270,212,5,1,/auto/brno2/brno2/zbubster/diplomka/models/ESM/recent_extrapol_weights_all_selected/PK/500/esm_fit_bivariate.rds
recent_extrapol_weights_all_selected,Primula kitaibeliana,PK,500,eastness,0.07425241617249648,7.425241617249648,0.07425241617249648,41,5,10,270,212,5,1,/auto/brno2/brno2/zbubster/diplomka/models/ESM/recent_extrapol_weights_all_selected/PK/500/esm_fit_bivariate.rds
recent_extrapol_weights_all_selected,Primula kitaibeliana,PK,500,bio04,0.07423735060652571,7.423735060652572,0.07423735060652571,41,5,10,270,212,5,1,/auto/brno2/brno2/zbubster/diplomka/models/ESM/recent_extrapol_weights_all_selected/PK/500/esm_fit_bivariate.rds
recent_extrapol_weights_all_selected,Phyteuma orbiculare,PO,100,bio19,0.1529815961319824,15.298159613198239,0.1529815961319824,40,5,9,216,175,5,1,/auto/brno2/brno2/zbubster/diplomka/models/ESM/recent_extrapol_weights_all_selected/PO/100/esm_fit_bivariate.rds
recent_extrapol_weights_all_selected,Phyteuma orbiculare,PO,100,bio10,0.15001155373415773,15.001155373415772,0.15001155373415773,40,5,9,216,175,5,1,/auto/brno2/brno2/zbubster/diplomka/models/ESM/recent_extrapol_weights_all_selected/PO/100/esm_fit_bivariate.rds
recent_extrapol_weights_all_selected,Phyteuma orbiculare,PO,100,bio04,0.1453831830809862,14.538318308098619,0.1453831830809862,40,5,9,216,175,5,1,/auto/brno2/brno2/zbubster/diplomka/models/ESM/recent_extrapol_weights_all_selected/PO/100/esm_fit_bivariate.rds
recent_extrapol_weights_all_selected,Phyteuma orbiculare,PO,100,TPI,0.11032080235597723,11.032080235597723,0.11032080235597723,40,5,9,216,175,5,1,/auto/brno2/brno2/zbubster/diplomka/models/ESM/recent_extrapol_weights_all_selected/PO/100/esm_fit_bivariate.rds
recent_extrapol_weights_all_selected,Phyteuma orbiculare,PO,100,dem_sd,0.10316266569502834,10.316266569502835,0.10316266569502834,38,5,9,216,175,5,1,/auto/brno2/brno2/zbubster/diplomka/models/ESM/recent_extrapol_weights_all_selected/PO/100/esm_fit_bivariate.rds
recent_extrapol_weights_all_selected,Phyteuma orbiculare,PO,100,eastness,0.09109905245955813,9.109905245955813,0.09109905245955813,39,5,9,216,175,5,1,/auto/brno2/brno2/zbubster/diplomka/models/ESM/recent_extrapol_weights_all_selected/PO/100/esm_fit_bivariate.rds
recent_extrapol_weights_all_selected,Phyteuma orbiculare,PO,100,bio18,0.08781207959310273,8.781207959310274,0.08781207959310273,39,5,9,216,175,5,1,/auto/brno2/brno2/zbubster/diplomka/models/ESM/recent_extrapol_weights_all_selected/PO/100/esm_fit_bivariate.rds
recent_extrapol_weights_all_selected,Phyteuma orbiculare,PO,100,bedrock,0.08362017849545243,8.362017849545243,0.08362017849545243,36,5,9,216,175,5,1,/auto/brno2/brno2/zbubster/diplomka/models/ESM/recent_extrapol_weights_all_selected/PO/100/esm_fit_bivariate.rds
recent_extrapol_weights_all_selected,Phyteuma orbiculare,PO,100,northness,0.07560888845375484,7.560888845375484,0.07560888845375484,38,5,9,216,175,5,1,/auto/brno2/brno2/zbubster/diplomka/models/ESM/recent_extrapol_weights_all_selected/PO/100/esm_fit_bivariate.rds
recent_extrapol_weights_all_selected,Phyteuma orbiculare,PO,1000,bio19,0.17631488702321552,17.63148870232155,0.17631488702321552,45,5,10,270,202,5,1,/auto/brno2/brno2/zbubster/diplomka/models/ESM/recent_extrapol_weights_all_selected/PO/1000/esm_fit_bivariate.rds
recent_extrapol_weights_all_selected,Phyteuma orbiculare,PO,1000,bio10,0.139289455460069,13.928945546006899,0.139289455460069,45,5,10,270,202,5,1,/auto/brno2/brno2/zbubster/diplomka/models/ESM/recent_extrapol_weights_all_selected/PO/1000/esm_fit_bivariate.rds
recent_extrapol_weights_all_selected,Phyteuma orbiculare,PO,1000,bio04,0.122769610660136,12.2769610660136,0.122769610660136,45,5,10,270,202,5,1,/auto/brno2/brno2/zbubster/diplomka/models/ESM/recent_extrapol_weights_all_selected/PO/1000/esm_fit_bivariate.rds
recent_extrapol_weights_all_selected,Phyteuma orbiculare,PO,1000,TPI,0.11263391669515589,11.26339166951559,0.11263391669515589,45,5,10,270,202,5,1,/auto/brno2/brno2/zbubster/diplomka/models/ESM/recent_extrapol_weights_all_selected/PO/1000/esm_fit_bivariate.rds
recent_extrapol_weights_all_selected,Phyteuma orbiculare,PO,1000,bio18,0.09332933133338414,9.332933133338415,0.09332933133338414,45,5,10,270,202,5,1,/auto/brno2/brno2/zbubster/diplomka/models/ESM/recent_extrapol_weights_all_selected/PO/1000/esm_fit_bivariate.rds
recent_extrapol_weights_all_selected,Phyteuma orbiculare,PO,1000,dem_sd,0.08735594092757461,8.735594092757461,0.08735594092757461,42,5,10,270,202,5,1,/auto/brno2/brno2/zbubster/diplomka/models/ESM/recent_extrapol_weights_all_selected/PO/1000/esm_fit_bivariate.rds
recent_extrapol_weights_all_selected,Phyteuma orbiculare,PO,1000,bedrock,0.08226695377650696,8.226695377650696,0.08226695377650696,35,5,10,270,202,5,1,/auto/brno2/brno2/zbubster/diplomka/models/ESM/recent_extrapol_weights_all_selected/PO/1000/esm_fit_bivariate.rds
recent_extrapol_weights_all_selected,Phyteuma orbiculare,PO,1000,northness,0.06370995107235146,6.370995107235146,0.06370995107235146,35,5,10,270,202,5,1,/auto/brno2/brno2/zbubster/diplomka/models/ESM/recent_extrapol_weights_all_selected/PO/1000/esm_fit_bivariate.rds
recent_extrapol_weights_all_selected,Phyteuma orbiculare,PO,1000,slope,0.0636384113249556,6.363841132495559,0.0636384113249556,35,5,10,270,202,5,1,/auto/brno2/brno2/zbubster/diplomka/models/ESM/recent_extrapol_weights_all_selected/PO/1000/esm_fit_bivariate.rds
recent_extrapol_weights_all_selected,Phyteuma orbiculare,PO,1000,eastness,0.058691541726650844,5.869154172665084,0.058691541726650844,32,5,10,270,202,5,1,/auto/brno2/brno2/zbubster/diplomka/models/ESM/recent_extrapol_weights_all_selected/PO/1000/esm_fit_bivariate.rds
recent_extrapol_weights_all_selected,Phyteuma orbiculare,PO,200,bio19,0.18102931995860688,18.10293199586069,0.18102931995860688,40,5,9,216,177,5,1,/auto/brno2/brno2/zbubster/diplomka/models/ESM/recent_extrapol_weights_all_selected/PO/200/esm_fit_bivariate.rds
recent_extrapol_weights_all_selected,Phyteuma orbiculare,PO,200,bio10,0.1433444779341135,14.33444779341135,0.1433444779341135,40,5,9,216,177,5,1,/auto/brno2/brno2/zbubster/diplomka/models/ESM/recent_extrapol_weights_all_selected/PO/200/esm_fit_bivariate.rds
recent_extrapol_weights_all_selected,Phyteuma orbiculare,PO,200,bio04,0.1143196631440773,11.43196631440773,0.1143196631440773,39,5,9,216,177,5,1,/auto/brno2/brno2/zbubster/diplomka/models/ESM/recent_extrapol_weights_all_selected/PO/200/esm_fit_bivariate.rds
recent_extrapol_weights_all_selected,Phyteuma orbiculare,PO,200,eastness,0.11183559749303316,11.183559749303317,0.11183559749303316,40,5,9,216,177,5,1,/auto/brno2/brno2/zbubster/diplomka/models/ESM/recent_extrapol_weights_all_selected/PO/200/esm_fit_bivariate.rds
recent_extrapol_weights_all_selected,Phyteuma orbiculare,PO,200,TPI,0.10132574180901129,10.132574180901129,0.10132574180901129,40,5,9,216,177,5,1,/auto/brno2/brno2/zbubster/diplomka/models/ESM/recent_extrapol_weights_all_selected/PO/200/esm_fit_bivariate.rds
recent_extrapol_weights_all_selected,Phyteuma orbiculare,PO,200,dem_sd,0.09959664103966488,9.959664103966489,0.09959664103966488,40,5,9,216,177,5,1,/auto/brno2/brno2/zbubster/diplomka/models/ESM/recent_extrapol_weights_all_selected/PO/200/esm_fit_bivariate.rds
recent_extrapol_weights_all_selected,Phyteuma orbiculare,PO,200,bio18,0.09057753850199932,9.057753850199932,0.09057753850199932,40,5,9,216,177,5,1,/auto/brno2/brno2/zbubster/diplomka/models/ESM/recent_extrapol_weights_all_selected/PO/200/esm_fit_bivariate.rds
recent_extrapol_weights_all_selected,Phyteuma orbiculare,PO,200,northness,0.08001901904426488,8.001901904426488,0.08001901904426488,38,5,9,216,177,5,1,/auto/brno2/brno2/zbubster/diplomka/models/ESM/recent_extrapol_weights_all_selected/PO/200/esm_fit_bivariate.rds
recent_extrapol_weights_all_selected,Phyteuma orbiculare,PO,200,bedrock,0.07795200107522876,7.795200107522876,0.07795200107522876,37,5,9,216,177,5,1,/auto/brno2/brno2/zbubster/diplomka/models/ESM/recent_extrapol_weights_all_selected/PO/200/esm_fit_bivariate.rds
recent_extrapol_weights_all_selected,Phyteuma orbiculare,PO,500,bio19,0.19307882945107063,19.307882945107064,0.19307882945107063,40,5,9,216,168,5,1,/auto/brno2/brno2/zbubster/diplomka/models/ESM/recent_extrapol_weights_all_selected/PO/500/esm_fit_bivariate.rds
recent_extrapol_weights_all_selected,Phyteuma orbiculare,PO,500,bio10,0.15081350433544236,15.081350433544236,0.15081350433544236,40,5,9,216,168,5,1,/auto/brno2/brno2/zbubster/diplomka/models/ESM/recent_extrapol_weights_all_selected/PO/500/esm_fit_bivariate.rds
recent_extrapol_weights_all_selected,Phyteuma orbiculare,PO,500,bio04,0.12823866894092448,12.823866894092447,0.12823866894092448,40,5,9,216,168,5,1,/auto/brno2/brno2/zbubster/diplomka/models/ESM/recent_extrapol_weights_all_selected/PO/500/esm_fit_bivariate.rds
recent_extrapol_weights_all_selected,Phyteuma orbiculare,PO,500,bio18,0.10803547458418666,10.803547458418667,0.10803547458418666,40,5,9,216,168,5,1,/auto/brno2/brno2/zbubster/diplomka/models/ESM/recent_extrapol_weights_all_selected/PO/500/esm_fit_bivariate.rds
recent_extrapol_weights_all_selected,Phyteuma orbiculare,PO,500,TPI,0.09932662569126312,9.932662569126311,0.09932662569126312,35,5,9,216,168,5,1,/auto/brno2/brno2/zbubster/diplomka/models/ESM/recent_extrapol_weights_all_selected/PO/500/esm_fit_bivariate.rds
recent_extrapol_weights_all_selected,Phyteuma orbiculare,PO,500,northness,0.08857157970549266,8.857157970549267,0.08857157970549266,37,5,9,216,168,5,1,/auto/brno2/brno2/zbubster/diplomka/models/ESM/recent_extrapol_weights_all_selected/PO/500/esm_fit_bivariate.rds
recent_extrapol_weights_all_selected,Phyteuma orbiculare,PO,500,eastness,0.07919566602961825,7.919566602961825,0.07919566602961825,37,5,9,216,168,5,1,/auto/brno2/brno2/zbubster/diplomka/models/ESM/recent_extrapol_weights_all_selected/PO/500/esm_fit_bivariate.rds
recent_extrapol_weights_all_selected,Phyteuma orbiculare,PO,500,bedrock,0.07738661299011802,7.738661299011802,0.07738661299011802,34,5,9,216,168,5,1,/auto/brno2/brno2/zbubster/diplomka/models/ESM/recent_extrapol_weights_all_selected/PO/500/esm_fit_bivariate.rds
recent_extrapol_weights_all_selected,Phyteuma orbiculare,PO,500,dem_sd,0.07535303827188383,7.535303827188383,0.07535303827188383,33,5,9,216,168,5,1,/auto/brno2/brno2/zbubster/diplomka/models/ESM/recent_extrapol_weights_all_selected/PO/500/esm_fit_bivariate.rds
recent_extrapol_weights_all_selected,Phyteuma pseudorbiculare,PP,100,bio18,0.17132058060922858,17.13205806092286,0.17132058060922858,40,5,9,216,155,5,1,/auto/brno2/brno2/zbubster/diplomka/models/ESM/recent_extrapol_weights_all_selected/PP/100/esm_fit_bivariate.rds
recent_extrapol_weights_all_selected,Phyteuma pseudorbiculare,PP,100,bio10,0.16036335626702689,16.036335626702687,0.16036335626702689,40,5,9,216,155,5,1,/auto/brno2/brno2/zbubster/diplomka/models/ESM/recent_extrapol_weights_all_selected/PP/100/esm_fit_bivariate.rds
recent_extrapol_weights_all_selected,Phyteuma pseudorbiculare,PP,100,bio04,0.1465046360009357,14.65046360009357,0.1465046360009357,40,5,9,216,155,5,1,/auto/brno2/brno2/zbubster/diplomka/models/ESM/recent_extrapol_weights_all_selected/PP/100/esm_fit_bivariate.rds
recent_extrapol_weights_all_selected,Phyteuma pseudorbiculare,PP,100,bio19,0.1422615728992391,14.22615728992391,0.1422615728992391,40,5,9,216,155,5,1,/auto/brno2/brno2/zbubster/diplomka/models/ESM/recent_extrapol_weights_all_selected/PP/100/esm_fit_bivariate.rds
recent_extrapol_weights_all_selected,Phyteuma pseudorbiculare,PP,100,bedrock,0.08674325490781566,8.674325490781566,0.08674325490781566,33,5,9,216,155,5,1,/auto/brno2/brno2/zbubster/diplomka/models/ESM/recent_extrapol_weights_all_selected/PP/100/esm_fit_bivariate.rds
recent_extrapol_weights_all_selected,Phyteuma pseudorbiculare,PP,100,eastness,0.07527957330272753,7.527957330272753,0.07527957330272753,28,5,9,216,155,5,1,/auto/brno2/brno2/zbubster/diplomka/models/ESM/recent_extrapol_weights_all_selected/PP/100/esm_fit_bivariate.rds
recent_extrapol_weights_all_selected,Phyteuma pseudorbiculare,PP,100,TPI,0.07518933767537225,7.518933767537225,0.07518933767537225,29,5,9,216,155,5,1,/auto/brno2/brno2/zbubster/diplomka/models/ESM/recent_extrapol_weights_all_selected/PP/100/esm_fit_bivariate.rds
recent_extrapol_weights_all_selected,Phyteuma pseudorbiculare,PP,100,dem_sd,0.07344539827529899,7.344539827529899,0.07344539827529899,31,5,9,216,155,5,1,/auto/brno2/brno2/zbubster/diplomka/models/ESM/recent_extrapol_weights_all_selected/PP/100/esm_fit_bivariate.rds
recent_extrapol_weights_all_selected,Phyteuma pseudorbiculare,PP,100,northness,0.06889229006235525,6.889229006235525,0.06889229006235525,29,5,9,216,155,5,1,/auto/brno2/brno2/zbubster/diplomka/models/ESM/recent_extrapol_weights_all_selected/PP/100/esm_fit_bivariate.rds
recent_extrapol_weights_all_selected,Phyteuma pseudorbiculare,PP,1000,bio19,0.1586348502975427,15.86348502975427,0.1586348502975427,45,5,10,270,196,5,1,/auto/brno2/brno2/zbubster/diplomka/models/ESM/recent_extrapol_weights_all_selected/PP/1000/esm_fit_bivariate.rds
recent_extrapol_weights_all_selected,Phyteuma pseudorbiculare,PP,1000,bio18,0.1539106987178784,15.39106987178784,0.1539106987178784,45,5,10,270,196,5,1,/auto/brno2/brno2/zbubster/diplomka/models/ESM/recent_extrapol_weights_all_selected/PP/1000/esm_fit_bivariate.rds
recent_extrapol_weights_all_selected,Phyteuma pseudorbiculare,PP,1000,bio10,0.14277758202735133,14.277758202735132,0.14277758202735133,45,5,10,270,196,5,1,/auto/brno2/brno2/zbubster/diplomka/models/ESM/recent_extrapol_weights_all_selected/PP/1000/esm_fit_bivariate.rds
recent_extrapol_weights_all_selected,Phyteuma pseudorbiculare,PP,1000,bio04,0.10838892214037134,10.838892214037134,0.10838892214037134,44,5,10,270,196,5,1,/auto/brno2/brno2/zbubster/diplomka/models/ESM/recent_extrapol_weights_all_selected/PP/1000/esm_fit_bivariate.rds
recent_extrapol_weights_all_selected,Phyteuma pseudorbiculare,PP,1000,TPI,0.08656023766618967,8.656023766618967,0.08656023766618967,40,5,10,270,196,5,1,/auto/brno2/brno2/zbubster/diplomka/models/ESM/recent_extrapol_weights_all_selected/PP/1000/esm_fit_bivariate.rds
recent_extrapol_weights_all_selected,Phyteuma pseudorbiculare,PP,1000,dem_sd,0.08523986786683249,8.523986786683249,0.08523986786683249,42,5,10,270,196,5,1,/auto/brno2/brno2/zbubster/diplomka/models/ESM/recent_extrapol_weights_all_selected/PP/1000/esm_fit_bivariate.rds
recent_extrapol_weights_all_selected,Phyteuma pseudorbiculare,PP,1000,bedrock,0.07882725173962009,7.882725173962009,0.07882725173962009,36,5,10,270,196,5,1,/auto/brno2/brno2/zbubster/diplomka/models/ESM/recent_extrapol_weights_all_selected/PP/1000/esm_fit_bivariate.rds
recent_extrapol_weights_all_selected,Phyteuma pseudorbiculare,PP,1000,eastness,0.07104089566665904,7.104089566665904,0.07104089566665904,35,5,10,270,196,5,1,/auto/brno2/brno2/zbubster/diplomka/models/ESM/recent_extrapol_weights_all_selected/PP/1000/esm_fit_bivariate.rds
recent_extrapol_weights_all_selected,Phyteuma pseudorbiculare,PP,1000,slope,0.06434250505282114,6.434250505282114,0.06434250505282114,34,5,10,270,196,5,1,/auto/brno2/brno2/zbubster/diplomka/models/ESM/recent_extrapol_weights_all_selected/PP/1000/esm_fit_bivariate.rds
recent_extrapol_weights_all_selected,Phyteuma pseudorbiculare,PP,1000,northness,0.050277188824733816,5.027718882473382,0.050277188824733816,26,5,10,270,196,5,1,/auto/brno2/brno2/zbubster/diplomka/models/ESM/recent_extrapol_weights_all_selected/PP/1000/esm_fit_bivariate.rds
recent_extrapol_weights_all_selected,Phyteuma pseudorbiculare,PP,200,bio18,0.17358973768871094,17.358973768871095,0.17358973768871092,40,5,9,216,149,5,1,/auto/brno2/brno2/zbubster/diplomka/models/ESM/recent_extrapol_weights_all_selected/PP/200/esm_fit_bivariate.rds
recent_extrapol_weights_all_selected,Phyteuma pseudorbiculare,PP,200,bio19,0.15784601349655286,15.784601349655286,0.15784601349655283,40,5,9,216,149,5,1,/auto/brno2/brno2/zbubster/diplomka/models/ESM/recent_extrapol_weights_all_selected/PP/200/esm_fit_bivariate.rds
recent_extrapol_weights_all_selected,Phyteuma pseudorbiculare,PP,200,bio04,0.15453904595192866,15.453904595192865,0.15453904595192863,40,5,9,216,149,5,1,/auto/brno2/brno2/zbubster/diplomka/models/ESM/recent_extrapol_weights_all_selected/PP/200/esm_fit_bivariate.rds
recent_extrapol_weights_all_selected,Phyteuma pseudorbiculare,PP,200,bio10,0.14794316270198146,14.794316270198147,0.14794316270198143,40,5,9,216,149,5,1,/auto/brno2/brno2/zbubster/diplomka/models/ESM/recent_extrapol_weights_all_selected/PP/200/esm_fit_bivariate.rds
recent_extrapol_weights_all_selected,Phyteuma pseudorbiculare,PP,200,bedrock,0.08472377146092357,8.472377146092356,0.08472377146092355,31,5,9,216,149,5,1,/auto/brno2/brno2/zbubster/diplomka/models/ESM/recent_extrapol_weights_all_selected/PP/200/esm_fit_bivariate.rds
recent_extrapol_weights_all_selected,Phyteuma pseudorbiculare,PP,200,eastness,0.07743724983052802,7.743724983052802,0.07743724983052801,29,5,9,216,149,5,1,/auto/brno2/brno2/zbubster/diplomka/models/ESM/recent_extrapol_weights_all_selected/PP/200/esm_fit_bivariate.rds
recent_extrapol_weights_all_selected,Phyteuma pseudorbiculare,PP,200,TPI,0.07614578035796277,7.614578035796277,0.07614578035796275,29,5,9,216,149,5,1,/auto/brno2/brno2/zbubster/diplomka/models/ESM/recent_extrapol_weights_all_selected/PP/200/esm_fit_bivariate.rds
recent_extrapol_weights_all_selected,Phyteuma pseudorbiculare,PP,200,northness,0.06776157619603959,6.776157619603959,0.06776157619603958,25,5,9,216,149,5,1,/auto/brno2/brno2/zbubster/diplomka/models/ESM/recent_extrapol_weights_all_selected/PP/200/esm_fit_bivariate.rds
recent_extrapol_weights_all_selected,Phyteuma pseudorbiculare,PP,200,dem_sd,0.06001366231537223,6.001366231537223,0.060013662315372224,24,5,9,216,149,5,1,/auto/brno2/brno2/zbubster/diplomka/models/ESM/recent_extrapol_weights_all_selected/PP/200/esm_fit_bivariate.rds
recent_extrapol_weights_all_selected,Phyteuma pseudorbiculare,PP,500,bio18,0.1891324531872116,18.91324531872116,0.1891324531872116,40,5,9,216,135,5,1,/auto/brno2/brno2/zbubster/diplomka/models/ESM/recent_extrapol_weights_all_selected/PP/500/esm_fit_bivariate.rds
recent_extrapol_weights_all_selected,Phyteuma pseudorbiculare,PP,500,bio10,0.1779286658592347,17.79286658592347,0.1779286658592347,40,5,9,216,135,5,1,/auto/brno2/brno2/zbubster/diplomka/models/ESM/recent_extrapol_weights_all_selected/PP/500/esm_fit_bivariate.rds
recent_extrapol_weights_all_selected,Phyteuma pseudorbiculare,PP,500,bio19,0.16957463547167542,16.957463547167542,0.16957463547167542,40,5,9,216,135,5,1,/auto/brno2/brno2/zbubster/diplomka/models/ESM/recent_extrapol_weights_all_selected/PP/500/esm_fit_bivariate.rds
recent_extrapol_weights_all_selected,Phyteuma pseudorbiculare,PP,500,bio04,0.11376585439197326,11.376585439197326,0.11376585439197326,37,5,9,216,135,5,1,/auto/brno2/brno2/zbubster/diplomka/models/ESM/recent_extrapol_weights_all_selected/PP/500/esm_fit_bivariate.rds
recent_extrapol_weights_all_selected,Phyteuma pseudorbiculare,PP,500,bedrock,0.0858322802588557,8.58322802588557,0.0858322802588557,23,5,9,216,135,5,1,/auto/brno2/brno2/zbubster/diplomka/models/ESM/recent_extrapol_weights_all_selected/PP/500/esm_fit_bivariate.rds
recent_extrapol_weights_all_selected,Phyteuma pseudorbiculare,PP,500,eastness,0.0686717308132902,6.86717308132902,0.0686717308132902,24,5,9,216,135,5,1,/auto/brno2/brno2/zbubster/diplomka/models/ESM/recent_extrapol_weights_all_selected/PP/500/esm_fit_bivariate.rds
recent_extrapol_weights_all_selected,Phyteuma pseudorbiculare,PP,500,TPI,0.0666119067903336,6.661190679033361,0.0666119067903336,23,5,9,216,135,5,1,/auto/brno2/brno2/zbubster/diplomka/models/ESM/recent_extrapol_weights_all_selected/PP/500/esm_fit_bivariate.rds
recent_extrapol_weights_all_selected,Phyteuma pseudorbiculare,PP,500,northness,0.06564683077380097,6.5646830773800975,0.06564683077380097,21,5,9,216,135,5,1,/auto/brno2/brno2/zbubster/diplomka/models/ESM/recent_extrapol_weights_all_selected/PP/500/esm_fit_bivariate.rds
recent_extrapol_weights_all_selected,Phyteuma pseudorbiculare,PP,500,dem_sd,0.0628356424536246,6.283564245362459,0.0628356424536246,22,5,9,216,135,5,1,/auto/brno2/brno2/zbubster/diplomka/models/ESM/recent_extrapol_weights_all_selected/PP/500/esm_fit_bivariate.rds
recent_extrapol_weights_all_selected,Saxifraga blavii,SB,100,bio10,0.21666778938473752,21.66677893847375,0.21666778938473752,40,5,9,216,166,5,1,/auto/brno2/brno2/zbubster/diplomka/models/ESM/recent_extrapol_weights_all_selected/SB/100/esm_fit_bivariate.rds
recent_extrapol_weights_all_selected,Saxifraga blavii,SB,100,bio19,0.13874516469909587,13.874516469909587,0.13874516469909587,40,5,9,216,166,5,1,/auto/brno2/brno2/zbubster/diplomka/models/ESM/recent_extrapol_weights_all_selected/SB/100/esm_fit_bivariate.rds
recent_extrapol_weights_all_selected,Saxifraga blavii,SB,100,bio18,0.10810892673641208,10.810892673641208,0.10810892673641208,36,5,9,216,166,5,1,/auto/brno2/brno2/zbubster/diplomka/models/ESM/recent_extrapol_weights_all_selected/SB/100/esm_fit_bivariate.rds
recent_extrapol_weights_all_selected,Saxifraga blavii,SB,100,bio04,0.1025540563831844,10.255405638318441,0.1025540563831844,38,5,9,216,166,5,1,/auto/brno2/brno2/zbubster/diplomka/models/ESM/recent_extrapol_weights_all_selected/SB/100/esm_fit_bivariate.rds
recent_extrapol_weights_all_selected,Saxifraga blavii,SB,100,bedrock,0.10235942607889989,10.235942607889989,0.10235942607889989,38,5,9,216,166,5,1,/auto/brno2/brno2/zbubster/diplomka/models/ESM/recent_extrapol_weights_all_selected/SB/100/esm_fit_bivariate.rds
recent_extrapol_weights_all_selected,Saxifraga blavii,SB,100,eastness,0.09424867615961881,9.424867615961881,0.09424867615961881,35,5,9,216,166,5,1,/auto/brno2/brno2/zbubster/diplomka/models/ESM/recent_extrapol_weights_all_selected/SB/100/esm_fit_bivariate.rds
recent_extrapol_weights_all_selected,Saxifraga blavii,SB,100,northness,0.08252033887311903,8.252033887311903,0.08252033887311903,35,5,9,216,166,5,1,/auto/brno2/brno2/zbubster/diplomka/models/ESM/recent_extrapol_weights_all_selected/SB/100/esm_fit_bivariate.rds
recent_extrapol_weights_all_selected,Saxifraga blavii,SB,100,TPI,0.08165462161398584,8.165462161398585,0.08165462161398584,37,5,9,216,166,5,1,/auto/brno2/brno2/zbubster/diplomka/models/ESM/recent_extrapol_weights_all_selected/SB/100/esm_fit_bivariate.rds
recent_extrapol_weights_all_selected,Saxifraga blavii,SB,100,dem_sd,0.0731410000709465,7.31410000709465,0.0731410000709465,33,5,9,216,166,5,1,/auto/brno2/brno2/zbubster/diplomka/models/ESM/recent_extrapol_weights_all_selected/SB/100/esm_fit_bivariate.rds
recent_extrapol_weights_all_selected,Saxifraga blavii,SB,1000,bio10,0.2380837264218005,23.80837264218005,0.23808372642180048,45,5,10,270,202,5,1,/auto/brno2/brno2/zbubster/diplomka/models/ESM/recent_extrapol_weights_all_selected/SB/1000/esm_fit_bivariate.rds
recent_extrapol_weights_all_selected,Saxifraga blavii,SB,1000,bio18,0.12840063641630894,12.840063641630895,0.12840063641630892,45,5,10,270,202,5,1,/auto/brno2/brno2/zbubster/diplomka/models/ESM/recent_extrapol_weights_all_selected/SB/1000/esm_fit_bivariate.rds
recent_extrapol_weights_all_selected,Saxifraga blavii,SB,1000,bio19,0.11453875530307667,11.453875530307666,0.11453875530307665,45,5,10,270,202,5,1,/auto/brno2/brno2/zbubster/diplomka/models/ESM/recent_extrapol_weights_all_selected/SB/1000/esm_fit_bivariate.rds
recent_extrapol_weights_all_selected,Saxifraga blavii,SB,1000,bedrock,0.11075783958918017,11.075783958918016,0.11075783958918016,45,5,10,270,202,5,1,/auto/brno2/brno2/zbubster/diplomka/models/ESM/recent_extrapol_weights_all_selected/SB/1000/esm_fit_bivariate.rds
recent_extrapol_weights_all_selected,Saxifraga blavii,SB,1000,eastness,0.07540689464736575,7.540689464736575,0.07540689464736573,36,5,10,270,202,5,1,/auto/brno2/brno2/zbubster/diplomka/models/ESM/recent_extrapol_weights_all_selected/SB/1000/esm_fit_bivariate.rds
recent_extrapol_weights_all_selected,Saxifraga blavii,SB,1000,slope,0.07315459169311288,7.315459169311287,0.07315459169311286,40,5,10,270,202,5,1,/auto/brno2/brno2/zbubster/diplomka/models/ESM/recent_extrapol_weights_all_selected/SB/1000/esm_fit_bivariate.rds
recent_extrapol_weights_all_selected,Saxifraga blavii,SB,1000,bio04,0.06949989786692741,6.949989786692741,0.0694998978669274,42,5,10,270,202,5,1,/auto/brno2/brno2/zbubster/diplomka/models/ESM/recent_extrapol_weights_all_selected/SB/1000/esm_fit_bivariate.rds
recent_extrapol_weights_all_selected,Saxifraga blavii,SB,1000,TPI,0.06858822308680128,6.858822308680128,0.06858822308680126,36,5,10,270,202,5,1,/auto/brno2/brno2/zbubster/diplomka/models/ESM/recent_extrapol_weights_all_selected/SB/1000/esm_fit_bivariate.rds
recent_extrapol_weights_all_selected,Saxifraga blavii,SB,1000,dem_sd,0.061300737190890596,6.13007371908906,0.06130073719089059,38,5,10,270,202,5,1,/auto/brno2/brno2/zbubster/diplomka/models/ESM/recent_extrapol_weights_all_selected/SB/1000/esm_fit_bivariate.rds
recent_extrapol_weights_all_selected,Saxifraga blavii,SB,1000,northness,0.06026869778453587,6.026869778453587,0.06026869778453586,32,5,10,270,202,5,1,/auto/brno2/brno2/zbubster/diplomka/models/ESM/recent_extrapol_weights_all_selected/SB/1000/esm_fit_bivariate.rds
recent_extrapol_weights_all_selected,Saxifraga blavii,SB,200,bio10,0.2373386369952158,23.733863699521578,0.23733863699521576,40,5,9,216,152,5,0.9999999999999999,/auto/brno2/brno2/zbubster/diplomka/models/ESM/recent_extrapol_weights_all_selected/SB/200/esm_fit_bivariate.rds
recent_extrapol_weights_all_selected,Saxifraga blavii,SB,200,bio19,0.1893624566646059,18.93624566646059,0.18936245666460588,40,5,9,216,152,5,0.9999999999999999,/auto/brno2/brno2/zbubster/diplomka/models/ESM/recent_extrapol_weights_all_selected/SB/200/esm_fit_bivariate.rds
recent_extrapol_weights_all_selected,Saxifraga blavii,SB,200,bio18,0.11380951673412862,11.380951673412861,0.1138095167341286,40,5,9,216,152,5,0.9999999999999999,/auto/brno2/brno2/zbubster/diplomka/models/ESM/recent_extrapol_weights_all_selected/SB/200/esm_fit_bivariate.rds
recent_extrapol_weights_all_selected,Saxifraga blavii,SB,200,bio04,0.08920391356989904,8.920391356989905,0.08920391356989903,37,5,9,216,152,5,0.9999999999999999,/auto/brno2/brno2/zbubster/diplomka/models/ESM/recent_extrapol_weights_all_selected/SB/200/esm_fit_bivariate.rds
recent_extrapol_weights_all_selected,Saxifraga blavii,SB,200,bedrock,0.08476774358800274,8.476774358800274,0.08476774358800272,33,5,9,216,152,5,0.9999999999999999,/auto/brno2/brno2/zbubster/diplomka/models/ESM/recent_extrapol_weights_all_selected/SB/200/esm_fit_bivariate.rds
recent_extrapol_weights_all_selected,Saxifraga blavii,SB,200,TPI,0.08182758989953548,8.182758989953548,0.08182758989953547,31,5,9,216,152,5,0.9999999999999999,/auto/brno2/brno2/zbubster/diplomka/models/ESM/recent_extrapol_weights_all_selected/SB/200/esm_fit_bivariate.rds
recent_extrapol_weights_all_selected,Saxifraga blavii,SB,200,northness,0.0714568219998447,7.14568219998447,0.07145682199984468,28,5,9,216,152,5,0.9999999999999999,/auto/brno2/brno2/zbubster/diplomka/models/ESM/recent_extrapol_weights_all_selected/SB/200/esm_fit_bivariate.rds
recent_extrapol_weights_all_selected,Saxifraga blavii,SB,200,dem_sd,0.06634417008564242,6.634417008564242,0.0663441700856424,29,5,9,216,152,5,0.9999999999999999,/auto/brno2/brno2/zbubster/diplomka/models/ESM/recent_extrapol_weights_all_selected/SB/200/esm_fit_bivariate.rds
recent_extrapol_weights_all_selected,Saxifraga blavii,SB,200,eastness,0.06588915046312534,6.588915046312533,0.06588915046312532,26,5,9,216,152,5,0.9999999999999999,/auto/brno2/brno2/zbubster/diplomka/models/ESM/recent_extrapol_weights_all_selected/SB/200/esm_fit_bivariate.rds
recent_extrapol_weights_all_selected,Saxifraga blavii,SB,500,bio10,0.22138645576434154,22.138645576434154,0.22138645576434154,40,5,9,216,164,5,1,/auto/brno2/brno2/zbubster/diplomka/models/ESM/recent_extrapol_weights_all_selected/SB/500/esm_fit_bivariate.rds
recent_extrapol_weights_all_selected,Saxifraga blavii,SB,500,bio18,0.13403190722023578,13.403190722023577,0.13403190722023578,40,5,9,216,164,5,1,/auto/brno2/brno2/zbubster/diplomka/models/ESM/recent_extrapol_weights_all_selected/SB/500/esm_fit_bivariate.rds
recent_extrapol_weights_all_selected,Saxifraga blavii,SB,500,bio19,0.12907721635085415,12.907721635085414,0.12907721635085415,40,5,9,216,164,5,1,/auto/brno2/brno2/zbubster/diplomka/models/ESM/recent_extrapol_weights_all_selected/SB/500/esm_fit_bivariate.rds
recent_extrapol_weights_all_selected,Saxifraga blavii,SB,500,bedrock,0.10492022802615156,10.492022802615155,0.10492022802615156,38,5,9,216,164,5,1,/auto/brno2/brno2/zbubster/diplomka/models/ESM/recent_extrapol_weights_all_selected/SB/500/esm_fit_bivariate.rds
recent_extrapol_weights_all_selected,Saxifraga blavii,SB,500,bio04,0.0920059343239658,9.20059343239658,0.0920059343239658,37,5,9,216,164,5,1,/auto/brno2/brno2/zbubster/diplomka/models/ESM/recent_extrapol_weights_all_selected/SB/500/esm_fit_bivariate.rds
recent_extrapol_weights_all_selected,Saxifraga blavii,SB,500,northness,0.08769473532478225,8.769473532478225,0.08769473532478225,35,5,9,216,164,5,1,/auto/brno2/brno2/zbubster/diplomka/models/ESM/recent_extrapol_weights_all_selected/SB/500/esm_fit_bivariate.rds
recent_extrapol_weights_all_selected,Saxifraga blavii,SB,500,dem_sd,0.08746465733876813,8.746465733876812,0.08746465733876813,37,5,9,216,164,5,1,/auto/brno2/brno2/zbubster/diplomka/models/ESM/recent_extrapol_weights_all_selected/SB/500/esm_fit_bivariate.rds
recent_extrapol_weights_all_selected,Saxifraga blavii,SB,500,eastness,0.08398393809456804,8.398393809456804,0.08398393809456804,33,5,9,216,164,5,1,/auto/brno2/brno2/zbubster/diplomka/models/ESM/recent_extrapol_weights_all_selected/SB/500/esm_fit_bivariate.rds
recent_extrapol_weights_all_selected,Saxifraga blavii,SB,500,TPI,0.05943492755633273,5.943492755633272,0.05943492755633273,28,5,9,216,164,5,1,/auto/brno2/brno2/zbubster/diplomka/models/ESM/recent_extrapol_weights_all_selected/SB/500/esm_fit_bivariate.rds
recent_noextrapol_weights_all_selected,Gentiana dinarica,GD,100,landcover,0.11201024496163166,11.201024496163166,0.11201024496163166,60,5,13,468,373,5,1,/auto/brno2/brno2/zbubster/diplomka/models/ESM/recent_noextrapol_weights_all_selected/GD/100/esm_fit_bivariate.rds
recent_noextrapol_weights_all_selected,Gentiana dinarica,GD,100,bio14,0.10798162485412241,10.798162485412242,0.10798162485412241,60,5,13,468,373,5,1,/auto/brno2/brno2/zbubster/diplomka/models/ESM/recent_noextrapol_weights_all_selected/GD/100/esm_fit_bivariate.rds
recent_noextrapol_weights_all_selected,Gentiana dinarica,GD,100,bio06,0.1053497712560483,10.534977125604831,0.1053497712560483,60,5,13,468,373,5,1,/auto/brno2/brno2/zbubster/diplomka/models/ESM/recent_noextrapol_weights_all_selected/GD/100/esm_fit_bivariate.rds
recent_noextrapol_weights_all_selected,Gentiana dinarica,GD,100,bio12,0.09610940610669776,9.610940610669775,0.09610940610669776,60,5,13,468,373,5,1,/auto/brno2/brno2/zbubster/diplomka/models/ESM/recent_noextrapol_weights_all_selected/GD/100/esm_fit_bivariate.rds
recent_noextrapol_weights_all_selected,Gentiana dinarica,GD,100,depth_to_bedrock,0.09101734477652347,9.101734477652347,0.09101734477652347,60,5,13,468,373,5,1,/auto/brno2/brno2/zbubster/diplomka/models/ESM/recent_noextrapol_weights_all_selected/GD/100/esm_fit_bivariate.rds
recent_noextrapol_weights_all_selected,Gentiana dinarica,GD,100,bedrock,0.08151504211917114,8.151504211917114,0.08151504211917114,60,5,13,468,373,5,1,/auto/brno2/brno2/zbubster/diplomka/models/ESM/recent_noextrapol_weights_all_selected/GD/100/esm_fit_bivariate.rds
recent_noextrapol_weights_all_selected,Gentiana dinarica,GD,100,dem_range,0.07042960778058864,7.042960778058864,0.07042960778058864,60,5,13,468,373,5,1,/auto/brno2/brno2/zbubster/diplomka/models/ESM/recent_noextrapol_weights_all_selected/GD/100/esm_fit_bivariate.rds
recent_noextrapol_weights_all_selected,Gentiana dinarica,GD,100,TPI,0.06563503656783799,6.5635036567838,0.06563503656783799,56,5,13,468,373,5,1,/auto/brno2/brno2/zbubster/diplomka/models/ESM/recent_noextrapol_weights_all_selected/GD/100/esm_fit_bivariate.rds
recent_noextrapol_weights_all_selected,Gentiana dinarica,GD,100,HLI,0.06393789797452903,6.393789797452904,0.06393789797452903,58,5,13,468,373,5,1,/auto/brno2/brno2/zbubster/diplomka/models/ESM/recent_noextrapol_weights_all_selected/GD/100/esm_fit_bivariate.rds
recent_noextrapol_weights_all_selected,Gentiana dinarica,GD,100,soil_water_cap,0.06056274945895455,6.056274945895455,0.06056274945895455,58,5,13,468,373,5,1,/auto/brno2/brno2/zbubster/diplomka/models/ESM/recent_noextrapol_weights_all_selected/GD/100/esm_fit_bivariate.rds
recent_noextrapol_weights_all_selected,Gentiana dinarica,GD,100,TWI,0.05636872946838578,5.636872946838578,0.05636872946838578,55,5,13,468,373,5,1,/auto/brno2/brno2/zbubster/diplomka/models/ESM/recent_noextrapol_weights_all_selected/GD/100/esm_fit_bivariate.rds
recent_noextrapol_weights_all_selected,Gentiana dinarica,GD,100,northness,0.04799309723719625,4.799309723719625,0.04799309723719625,52,5,13,468,373,5,1,/auto/brno2/brno2/zbubster/diplomka/models/ESM/recent_noextrapol_weights_all_selected/GD/100/esm_fit_bivariate.rds
recent_noextrapol_weights_all_selected,Gentiana dinarica,GD,100,aspect,0.041089447438313054,4.108944743831305,0.041089447438313054,47,5,13,468,373,5,1,/auto/brno2/brno2/zbubster/diplomka/models/ESM/recent_noextrapol_weights_all_selected/GD/100/esm_fit_bivariate.rds
recent_noextrapol_weights_all_selected,Gentiana dinarica,GD,1000,bio12,0.12184078328851122,12.184078328851122,0.12184078328851122,65,5,14,546,375,5,1,/auto/brno2/brno2/zbubster/diplomka/models/ESM/recent_noextrapol_weights_all_selected/GD/1000/esm_fit_bivariate.rds
recent_noextrapol_weights_all_selected,Gentiana dinarica,GD,1000,bio14,0.1174250744833569,11.74250744833569,0.1174250744833569,65,5,14,546,375,5,1,/auto/brno2/brno2/zbubster/diplomka/models/ESM/recent_noextrapol_weights_all_selected/GD/1000/esm_fit_bivariate.rds
recent_noextrapol_weights_all_selected,Gentiana dinarica,GD,1000,bio06,0.10263130674070714,10.263130674070714,0.10263130674070714,65,5,14,546,375,5,1,/auto/brno2/brno2/zbubster/diplomka/models/ESM/recent_noextrapol_weights_all_selected/GD/1000/esm_fit_bivariate.rds
recent_noextrapol_weights_all_selected,Gentiana dinarica,GD,1000,bio04,0.09958249967080451,9.958249967080452,0.09958249967080451,63,5,14,546,375,5,1,/auto/brno2/brno2/zbubster/diplomka/models/ESM/recent_noextrapol_weights_all_selected/GD/1000/esm_fit_bivariate.rds
recent_noextrapol_weights_all_selected,Gentiana dinarica,GD,1000,depth_to_bedrock,0.09415307104028296,9.415307104028296,0.09415307104028296,64,5,14,546,375,5,1,/auto/brno2/brno2/zbubster/diplomka/models/ESM/recent_noextrapol_weights_all_selected/GD/1000/esm_fit_bivariate.rds
recent_noextrapol_weights_all_selected,Gentiana dinarica,GD,1000,TPI,0.07318531990422858,7.318531990422858,0.07318531990422858,61,5,14,546,375,5,1,/auto/brno2/brno2/zbubster/diplomka/models/ESM/recent_noextrapol_weights_all_selected/GD/1000/esm_fit_bivariate.rds
recent_noextrapol_weights_all_selected,Gentiana dinarica,GD,1000,soil_water_cap,0.06849062490130789,6.849062490130789,0.06849062490130789,65,5,14,546,375,5,1,/auto/brno2/brno2/zbubster/diplomka/models/ESM/recent_noextrapol_weights_all_selected/GD/1000/esm_fit_bivariate.rds
recent_noextrapol_weights_all_selected,Gentiana dinarica,GD,1000,TRI,0.0638399129300307,6.383991293003071,0.0638399129300307,57,5,14,546,375,5,1,/auto/brno2/brno2/zbubster/diplomka/models/ESM/recent_noextrapol_weights_all_selected/GD/1000/esm_fit_bivariate.rds
recent_noextrapol_weights_all_selected,Gentiana dinarica,GD,1000,bedrock,0.05267746839089474,5.267746839089474,0.05267746839089474,45,5,14,546,375,5,1,/auto/brno2/brno2/zbubster/diplomka/models/ESM/recent_noextrapol_weights_all_selected/GD/1000/esm_fit_bivariate.rds
recent_noextrapol_weights_all_selected,Gentiana dinarica,GD,1000,TWI,0.04994744278130941,4.99474427813094,0.04994744278130941,44,5,14,546,375,5,1,/auto/brno2/brno2/zbubster/diplomka/models/ESM/recent_noextrapol_weights_all_selected/GD/1000/esm_fit_bivariate.rds
recent_noextrapol_weights_all_selected,Gentiana dinarica,GD,1000,landcover,0.044830294597640305,4.4830294597640306,0.044830294597640305,39,5,14,546,375,5,1,/auto/brno2/brno2/zbubster/diplomka/models/ESM/recent_noextrapol_weights_all_selected/GD/1000/esm_fit_bivariate.rds
recent_noextrapol_weights_all_selected,Gentiana dinarica,GD,1000,eastness,0.04466023175233109,4.466023175233109,0.04466023175233109,41,5,14,546,375,5,1,/auto/brno2/brno2/zbubster/diplomka/models/ESM/recent_noextrapol_weights_all_selected/GD/1000/esm_fit_bivariate.rds
recent_noextrapol_weights_all_selected,Gentiana dinarica,GD,1000,HLI,0.03508704539556299,3.508704539556299,0.03508704539556299,41,5,14,546,375,5,1,/auto/brno2/brno2/zbubster/diplomka/models/ESM/recent_noextrapol_weights_all_selected/GD/1000/esm_fit_bivariate.rds
recent_noextrapol_weights_all_selected,Gentiana dinarica,GD,1000,northness,0.03164892412303157,3.1648924123031574,0.03164892412303157,35,5,14,546,375,5,1,/auto/brno2/brno2/zbubster/diplomka/models/ESM/recent_noextrapol_weights_all_selected/GD/1000/esm_fit_bivariate.rds
recent_noextrapol_weights_all_selected,Gentiana dinarica,GD,200,bio14,0.11733108240905474,11.733108240905473,0.11733108240905474,65,5,14,546,406,5,1,/auto/brno2/brno2/zbubster/diplomka/models/ESM/recent_noextrapol_weights_all_selected/GD/200/esm_fit_bivariate.rds
recent_noextrapol_weights_all_selected,Gentiana dinarica,GD,200,landcover,0.11164443021309621,11.164443021309621,0.11164443021309621,64,5,14,546,406,5,1,/auto/brno2/brno2/zbubster/diplomka/models/ESM/recent_noextrapol_weights_all_selected/GD/200/esm_fit_bivariate.rds
recent_noextrapol_weights_all_selected,Gentiana dinarica,GD,200,bio12,0.10266006147018109,10.266006147018109,0.10266006147018109,65,5,14,546,406,5,1,/auto/brno2/brno2/zbubster/diplomka/models/ESM/recent_noextrapol_weights_all_selected/GD/200/esm_fit_bivariate.rds
recent_noextrapol_weights_all_selected,Gentiana dinarica,GD,200,bio06,0.09665472649921515,9.665472649921515,0.09665472649921515,65,5,14,546,406,5,1,/auto/brno2/brno2/zbubster/diplomka/models/ESM/recent_noextrapol_weights_all_selected/GD/200/esm_fit_bivariate.rds
recent_noextrapol_weights_all_selected,Gentiana dinarica,GD,200,depth_to_bedrock,0.08540512278953942,8.540512278953942,0.08540512278953942,64,5,14,546,406,5,1,/auto/brno2/brno2/zbubster/diplomka/models/ESM/recent_noextrapol_weights_all_selected/GD/200/esm_fit_bivariate.rds
recent_noextrapol_weights_all_selected,Gentiana dinarica,GD,200,soil_water_cap,0.0771417255194552,7.71417255194552,0.0771417255194552,65,5,14,546,406,5,1,/auto/brno2/brno2/zbubster/diplomka/models/ESM/recent_noextrapol_weights_all_selected/GD/200/esm_fit_bivariate.rds
recent_noextrapol_weights_all_selected,Gentiana dinarica,GD,200,dem_range,0.07400727245570383,7.400727245570383,0.07400727245570383,61,5,14,546,406,5,1,/auto/brno2/brno2/zbubster/diplomka/models/ESM/recent_noextrapol_weights_all_selected/GD/200/esm_fit_bivariate.rds
recent_noextrapol_weights_all_selected,Gentiana dinarica,GD,200,bedrock,0.0577740326840552,5.77740326840552,0.0577740326840552,55,5,14,546,406,5,1,/auto/brno2/brno2/zbubster/diplomka/models/ESM/recent_noextrapol_weights_all_selected/GD/200/esm_fit_bivariate.rds
recent_noextrapol_weights_all_selected,Gentiana dinarica,GD,200,HLI,0.056808573931448246,5.680857393144825,0.056808573931448246,58,5,14,546,406,5,1,/auto/brno2/brno2/zbubster/diplomka/models/ESM/recent_noextrapol_weights_all_selected/GD/200/esm_fit_bivariate.rds
recent_noextrapol_weights_all_selected,Gentiana dinarica,GD,200,bio07,0.052550179434846765,5.255017943484677,0.052550179434846765,59,5,14,546,406,5,1,/auto/brno2/brno2/zbubster/diplomka/models/ESM/recent_noextrapol_weights_all_selected/GD/200/esm_fit_bivariate.rds
recent_noextrapol_weights_all_selected,Gentiana dinarica,GD,200,TWI,0.048171679116758966,4.817167911675897,0.048171679116758966,53,5,14,546,406,5,1,/auto/brno2/brno2/zbubster/diplomka/models/ESM/recent_noextrapol_weights_all_selected/GD/200/esm_fit_bivariate.rds
recent_noextrapol_weights_all_selected,Gentiana dinarica,GD,200,TPI,0.04451196640070548,4.451196640070548,0.04451196640070548,50,5,14,546,406,5,1,/auto/brno2/brno2/zbubster/diplomka/models/ESM/recent_noextrapol_weights_all_selected/GD/200/esm_fit_bivariate.rds
recent_noextrapol_weights_all_selected,Gentiana dinarica,GD,200,eastness,0.03890126093434999,3.8901260934349993,0.03890126093434999,43,5,14,546,406,5,1,/auto/brno2/brno2/zbubster/diplomka/models/ESM/recent_noextrapol_weights_all_selected/GD/200/esm_fit_bivariate.rds
recent_noextrapol_weights_all_selected,Gentiana dinarica,GD,200,northness,0.03643788614158971,3.6437886141589706,0.03643788614158971,45,5,14,546,406,5,1,/auto/brno2/brno2/zbubster/diplomka/models/ESM/recent_noextrapol_weights_all_selected/GD/200/esm_fit_bivariate.rds
recent_noextrapol_weights_all_selected,Gentiana dinarica,GD,500,bio14,0.1099934239226424,10.99934239226424,0.1099934239226424,60,5,13,468,382,5,1,/auto/brno2/brno2/zbubster/diplomka/models/ESM/recent_noextrapol_weights_all_selected/GD/500/esm_fit_bivariate.rds
recent_noextrapol_weights_all_selected,Gentiana dinarica,GD,500,bio12,0.09712751769382473,9.712751769382473,0.09712751769382473,60,5,13,468,382,5,1,/auto/brno2/brno2/zbubster/diplomka/models/ESM/recent_noextrapol_weights_all_selected/GD/500/esm_fit_bivariate.rds
recent_noextrapol_weights_all_selected,Gentiana dinarica,GD,500,bio06,0.09503955188528594,9.503955188528595,0.09503955188528594,60,5,13,468,382,5,1,/auto/brno2/brno2/zbubster/diplomka/models/ESM/recent_noextrapol_weights_all_selected/GD/500/esm_fit_bivariate.rds
recent_noextrapol_weights_all_selected,Gentiana dinarica,GD,500,bio07,0.09306931977761947,9.306931977761947,0.09306931977761947,60,5,13,468,382,5,1,/auto/brno2/brno2/zbubster/diplomka/models/ESM/recent_noextrapol_weights_all_selected/GD/500/esm_fit_bivariate.rds
recent_noextrapol_weights_all_selected,Gentiana dinarica,GD,500,TWI,0.08369521724384503,8.369521724384503,0.08369521724384503,60,5,13,468,382,5,1,/auto/brno2/brno2/zbubster/diplomka/models/ESM/recent_noextrapol_weights_all_selected/GD/500/esm_fit_bivariate.rds
recent_noextrapol_weights_all_selected,Gentiana dinarica,GD,500,depth_to_bedrock,0.0766752196355808,7.66752196355808,0.0766752196355808,57,5,13,468,382,5,1,/auto/brno2/brno2/zbubster/diplomka/models/ESM/recent_noextrapol_weights_all_selected/GD/500/esm_fit_bivariate.rds
recent_noextrapol_weights_all_selected,Gentiana dinarica,GD,500,landcover,0.07284722607331778,7.284722607331778,0.07284722607331778,59,5,13,468,382,5,1,/auto/brno2/brno2/zbubster/diplomka/models/ESM/recent_noextrapol_weights_all_selected/GD/500/esm_fit_bivariate.rds
recent_noextrapol_weights_all_selected,Gentiana dinarica,GD,500,soil_water_cap,0.0694726078876549,6.94726078876549,0.0694726078876549,60,5,13,468,382,5,1,/auto/brno2/brno2/zbubster/diplomka/models/ESM/recent_noextrapol_weights_all_selected/GD/500/esm_fit_bivariate.rds
recent_noextrapol_weights_all_selected,Gentiana dinarica,GD,500,bedrock,0.06888019914095969,6.8880199140959695,0.06888019914095969,60,5,13,468,382,5,1,/auto/brno2/brno2/zbubster/diplomka/models/ESM/recent_noextrapol_weights_all_selected/GD/500/esm_fit_bivariate.rds
recent_noextrapol_weights_all_selected,Gentiana dinarica,GD,500,HLI,0.06757044897085614,6.757044897085613,0.06757044897085614,60,5,13,468,382,5,1,/auto/brno2/brno2/zbubster/diplomka/models/ESM/recent_noextrapol_weights_all_selected/GD/500/esm_fit_bivariate.rds
recent_noextrapol_weights_all_selected,Gentiana dinarica,GD,500,dem_range,0.06529049844297971,6.529049844297971,0.06529049844297971,59,5,13,468,382,5,1,/auto/brno2/brno2/zbubster/diplomka/models/ESM/recent_noextrapol_weights_all_selected/GD/500/esm_fit_bivariate.rds
recent_noextrapol_weights_all_selected,Gentiana dinarica,GD,500,northness,0.05838169287163282,5.838169287163282,0.05838169287163282,57,5,13,468,382,5,1,/auto/brno2/brno2/zbubster/diplomka/models/ESM/recent_noextrapol_weights_all_selected/GD/500/esm_fit_bivariate.rds
recent_noextrapol_weights_all_selected,Gentiana dinarica,GD,500,eastness,0.041957076453800604,4.19570764538006,0.041957076453800604,52,5,13,468,382,5,1,/auto/brno2/brno2/zbubster/diplomka/models/ESM/recent_noextrapol_weights_all_selected/GD/500/esm_fit_bivariate.rds
recent_noextrapol_weights_all_selected,Gentiana tergestina,GT,100,bio14,0.13793510733070963,13.793510733070963,0.13793510733070963,50,5,11,330,259,5,1,/auto/brno2/brno2/zbubster/diplomka/models/ESM/recent_noextrapol_weights_all_selected/GT/100/esm_fit_bivariate.rds
recent_noextrapol_weights_all_selected,Gentiana tergestina,GT,100,landcover,0.13281857787489282,13.281857787489281,0.13281857787489282,50,5,11,330,259,5,1,/auto/brno2/brno2/zbubster/diplomka/models/ESM/recent_noextrapol_weights_all_selected/GT/100/esm_fit_bivariate.rds
recent_noextrapol_weights_all_selected,Gentiana tergestina,GT,100,bedrock,0.11876195897803478,11.876195897803479,0.11876195897803478,50,5,11,330,259,5,1,/auto/brno2/brno2/zbubster/diplomka/models/ESM/recent_noextrapol_weights_all_selected/GT/100/esm_fit_bivariate.rds
recent_noextrapol_weights_all_selected,Gentiana tergestina,GT,100,bio12,0.10316402883789433,10.316402883789433,0.10316402883789433,49,5,11,330,259,5,1,/auto/brno2/brno2/zbubster/diplomka/models/ESM/recent_noextrapol_weights_all_selected/GT/100/esm_fit_bivariate.rds
recent_noextrapol_weights_all_selected,Gentiana tergestina,GT,100,bio06,0.09629640506932743,9.629640506932743,0.09629640506932743,50,5,11,330,259,5,1,/auto/brno2/brno2/zbubster/diplomka/models/ESM/recent_noextrapol_weights_all_selected/GT/100/esm_fit_bivariate.rds
recent_noextrapol_weights_all_selected,Gentiana tergestina,GT,100,soil_water_cap,0.08533050844698897,8.533050844698897,0.08533050844698897,46,5,11,330,259,5,1,/auto/brno2/brno2/zbubster/diplomka/models/ESM/recent_noextrapol_weights_all_selected/GT/100/esm_fit_bivariate.rds
recent_noextrapol_weights_all_selected,Gentiana tergestina,GT,100,northness,0.08208278907807318,8.208278907807317,0.08208278907807318,47,5,11,330,259,5,1,/auto/brno2/brno2/zbubster/diplomka/models/ESM/recent_noextrapol_weights_all_selected/GT/100/esm_fit_bivariate.rds
recent_noextrapol_weights_all_selected,Gentiana tergestina,GT,100,TWI,0.06448605775627522,6.448605775627522,0.06448605775627522,45,5,11,330,259,5,1,/auto/brno2/brno2/zbubster/diplomka/models/ESM/recent_noextrapol_weights_all_selected/GT/100/esm_fit_bivariate.rds
recent_noextrapol_weights_all_selected,Gentiana tergestina,GT,100,dem_range,0.06254065538745712,6.254065538745712,0.06254065538745712,45,5,11,330,259,5,1,/auto/brno2/brno2/zbubster/diplomka/models/ESM/recent_noextrapol_weights_all_selected/GT/100/esm_fit_bivariate.rds
recent_noextrapol_weights_all_selected,Gentiana tergestina,GT,100,HLI,0.062325896347234816,6.232589634723482,0.062325896347234816,45,5,11,330,259,5,1,/auto/brno2/brno2/zbubster/diplomka/models/ESM/recent_noextrapol_weights_all_selected/GT/100/esm_fit_bivariate.rds
recent_noextrapol_weights_all_selected,Gentiana tergestina,GT,100,eastness,0.0542580148931117,5.42580148931117,0.0542580148931117,41,5,11,330,259,5,1,/auto/brno2/brno2/zbubster/diplomka/models/ESM/recent_noextrapol_weights_all_selected/GT/100/esm_fit_bivariate.rds
recent_noextrapol_weights_all_selected,Gentiana tergestina,GT,1000,bio12,0.11815773007524467,11.815773007524468,0.11815773007524467,65,5,14,546,394,5,1,/auto/brno2/brno2/zbubster/diplomka/models/ESM/recent_noextrapol_weights_all_selected/GT/1000/esm_fit_bivariate.rds
recent_noextrapol_weights_all_selected,Gentiana tergestina,GT,1000,bio14,0.116148092950904,11.6148092950904,0.116148092950904,64,5,14,546,394,5,1,/auto/brno2/brno2/zbubster/diplomka/models/ESM/recent_noextrapol_weights_all_selected/GT/1000/esm_fit_bivariate.rds
recent_noextrapol_weights_all_selected,Gentiana tergestina,GT,1000,soil_water_cap,0.08383848171400346,8.383848171400347,0.08383848171400346,65,5,14,546,394,5,1,/auto/brno2/brno2/zbubster/diplomka/models/ESM/recent_noextrapol_weights_all_selected/GT/1000/esm_fit_bivariate.rds
recent_noextrapol_weights_all_selected,Gentiana tergestina,GT,1000,northness,0.08296605934902886,8.296605934902885,0.08296605934902886,60,5,14,546,394,5,1,/auto/brno2/brno2/zbubster/diplomka/models/ESM/recent_noextrapol_weights_all_selected/GT/1000/esm_fit_bivariate.rds
recent_noextrapol_weights_all_selected,Gentiana tergestina,GT,1000,bedrock,0.07579813074594362,7.5798130745943615,0.07579813074594362,61,5,14,546,394,5,1,/auto/brno2/brno2/zbubster/diplomka/models/ESM/recent_noextrapol_weights_all_selected/GT/1000/esm_fit_bivariate.rds
recent_noextrapol_weights_all_selected,Gentiana tergestina,GT,1000,dem_range,0.07260594857815025,7.2605948578150254,0.07260594857815025,55,5,14,546,394,5,1,/auto/brno2/brno2/zbubster/diplomka/models/ESM/recent_noextrapol_weights_all_selected/GT/1000/esm_fit_bivariate.rds
recent_noextrapol_weights_all_selected,Gentiana tergestina,GT,1000,HLI,0.07147169083371112,7.147169083371112,0.07147169083371112,62,5,14,546,394,5,1,/auto/brno2/brno2/zbubster/diplomka/models/ESM/recent_noextrapol_weights_all_selected/GT/1000/esm_fit_bivariate.rds
recent_noextrapol_weights_all_selected,Gentiana tergestina,GT,1000,TWI,0.06980738763366366,6.980738763366366,0.06980738763366366,58,5,14,546,394,5,1,/auto/brno2/brno2/zbubster/diplomka/models/ESM/recent_noextrapol_weights_all_selected/GT/1000/esm_fit_bivariate.rds
recent_noextrapol_weights_all_selected,Gentiana tergestina,GT,1000,bio06,0.06943148580468862,6.943148580468862,0.06943148580468862,60,5,14,546,394,5,1,/auto/brno2/brno2/zbubster/diplomka/models/ESM/recent_noextrapol_weights_all_selected/GT/1000/esm_fit_bivariate.rds
recent_noextrapol_weights_all_selected,Gentiana tergestina,GT,1000,TPI,0.06273984308476008,6.273984308476008,0.06273984308476008,58,5,14,546,394,5,1,/auto/brno2/brno2/zbubster/diplomka/models/ESM/recent_noextrapol_weights_all_selected/GT/1000/esm_fit_bivariate.rds
recent_noextrapol_weights_all_selected,Gentiana tergestina,GT,1000,bio04,0.05883426190884335,5.883426190884335,0.05883426190884335,51,5,14,546,394,5,1,/auto/brno2/brno2/zbubster/diplomka/models/ESM/recent_noextrapol_weights_all_selected/GT/1000/esm_fit_bivariate.rds
recent_noextrapol_weights_all_selected,Gentiana tergestina,GT,1000,landcover,0.04556873231588004,4.556873231588003,0.04556873231588004,44,5,14,546,394,5,1,/auto/brno2/brno2/zbubster/diplomka/models/ESM/recent_noextrapol_weights_all_selected/GT/1000/esm_fit_bivariate.rds
recent_noextrapol_weights_all_selected,Gentiana tergestina,GT,1000,eastness,0.040182948960109634,4.018294896010963,0.040182948960109634,45,5,14,546,394,5,1,/auto/brno2/brno2/zbubster/diplomka/models/ESM/recent_noextrapol_weights_all_selected/GT/1000/esm_fit_bivariate.rds
recent_noextrapol_weights_all_selected,Gentiana tergestina,GT,1000,depth_to_bedrock,0.03244920604506863,3.2449206045068633,0.03244920604506863,40,5,14,546,394,5,1,/auto/brno2/brno2/zbubster/diplomka/models/ESM/recent_noextrapol_weights_all_selected/GT/1000/esm_fit_bivariate.rds
recent_noextrapol_weights_all_selected,Gentiana tergestina,GT,200,bio14,0.1153339378955643,11.53339378955643,0.1153339378955643,60,5,13,468,368,5,1,/auto/brno2/brno2/zbubster/diplomka/models/ESM/recent_noextrapol_weights_all_selected/GT/200/esm_fit_bivariate.rds
recent_noextrapol_weights_all_selected,Gentiana tergestina,GT,200,landcover,0.10354271943040821,10.354271943040821,0.10354271943040821,60,5,13,468,368,5,1,/auto/brno2/brno2/zbubster/diplomka/models/ESM/recent_noextrapol_weights_all_selected/GT/200/esm_fit_bivariate.rds
recent_noextrapol_weights_all_selected,Gentiana tergestina,GT,200,bio04,0.10307134806516173,10.307134806516173,0.10307134806516173,55,5,13,468,368,5,1,/auto/brno2/brno2/zbubster/diplomka/models/ESM/recent_noextrapol_weights_all_selected/GT/200/esm_fit_bivariate.rds
recent_noextrapol_weights_all_selected,Gentiana tergestina,GT,200,bio12,0.10019414383424084,10.019414383424085,0.10019414383424084,60,5,13,468,368,5,1,/auto/brno2/brno2/zbubster/diplomka/models/ESM/recent_noextrapol_weights_all_selected/GT/200/esm_fit_bivariate.rds
recent_noextrapol_weights_all_selected,Gentiana tergestina,GT,200,bedrock,0.08750004690070391,8.75000469007039,0.08750004690070391,60,5,13,468,368,5,1,/auto/brno2/brno2/zbubster/diplomka/models/ESM/recent_noextrapol_weights_all_selected/GT/200/esm_fit_bivariate.rds
recent_noextrapol_weights_all_selected,Gentiana tergestina,GT,200,bio06,0.08431799651205824,8.431799651205823,0.08431799651205824,60,5,13,468,368,5,1,/auto/brno2/brno2/zbubster/diplomka/models/ESM/recent_noextrapol_weights_all_selected/GT/200/esm_fit_bivariate.rds
recent_noextrapol_weights_all_selected,Gentiana tergestina,GT,200,soil_water_cap,0.06889736112932286,6.889736112932286,0.06889736112932286,58,5,13,468,368,5,1,/auto/brno2/brno2/zbubster/diplomka/models/ESM/recent_noextrapol_weights_all_selected/GT/200/esm_fit_bivariate.rds
recent_noextrapol_weights_all_selected,Gentiana tergestina,GT,200,HLI,0.0644979752706027,6.44979752706027,0.0644979752706027,58,5,13,468,368,5,1,/auto/brno2/brno2/zbubster/diplomka/models/ESM/recent_noextrapol_weights_all_selected/GT/200/esm_fit_bivariate.rds
recent_noextrapol_weights_all_selected,Gentiana tergestina,GT,200,TWI,0.06430660376960991,6.430660376960991,0.06430660376960991,60,5,13,468,368,5,1,/auto/brno2/brno2/zbubster/diplomka/models/ESM/recent_noextrapol_weights_all_selected/GT/200/esm_fit_bivariate.rds
recent_noextrapol_weights_all_selected,Gentiana tergestina,GT,200,northness,0.06179699760345628,6.179699760345628,0.06179699760345628,57,5,13,468,368,5,1,/auto/brno2/brno2/zbubster/diplomka/models/ESM/recent_noextrapol_weights_all_selected/GT/200/esm_fit_bivariate.rds
recent_noextrapol_weights_all_selected,Gentiana tergestina,GT,200,dem_range,0.05113903848759629,5.1139038487596284,0.05113903848759629,51,5,13,468,368,5,1,/auto/brno2/brno2/zbubster/diplomka/models/ESM/recent_noextrapol_weights_all_selected/GT/200/esm_fit_bivariate.rds
recent_noextrapol_weights_all_selected,Gentiana tergestina,GT,200,depth_to_bedrock,0.04816222230685135,4.816222230685135,0.04816222230685135,48,5,13,468,368,5,1,/auto/brno2/brno2/zbubster/diplomka/models/ESM/recent_noextrapol_weights_all_selected/GT/200/esm_fit_bivariate.rds
recent_noextrapol_weights_all_selected,Gentiana tergestina,GT,200,eastness,0.04723960879442342,4.723960879442342,0.04723960879442342,49,5,13,468,368,5,1,/auto/brno2/brno2/zbubster/diplomka/models/ESM/recent_noextrapol_weights_all_selected/GT/200/esm_fit_bivariate.rds
recent_noextrapol_weights_all_selected,Gentiana tergestina,GT,500,landcover,0.14712974440809615,14.712974440809615,0.14712974440809615,55,5,12,396,274,5,1,/auto/brno2/brno2/zbubster/diplomka/models/ESM/recent_noextrapol_weights_all_selected/GT/500/esm_fit_bivariate.rds
recent_noextrapol_weights_all_selected,Gentiana tergestina,GT,500,bio12,0.14020177901028813,14.020177901028813,0.14020177901028813,55,5,12,396,274,5,1,/auto/brno2/brno2/zbubster/diplomka/models/ESM/recent_noextrapol_weights_all_selected/GT/500/esm_fit_bivariate.rds
recent_noextrapol_weights_all_selected,Gentiana tergestina,GT,500,northness,0.10084126973347468,10.084126973347468,0.10084126973347468,53,5,12,396,274,5,1,/auto/brno2/brno2/zbubster/diplomka/models/ESM/recent_noextrapol_weights_all_selected/GT/500/esm_fit_bivariate.rds
recent_noextrapol_weights_all_selected,Gentiana tergestina,GT,500,bedrock,0.09802821974800509,9.802821974800509,0.09802821974800509,51,5,12,396,274,5,1,/auto/brno2/brno2/zbubster/diplomka/models/ESM/recent_noextrapol_weights_all_selected/GT/500/esm_fit_bivariate.rds
recent_noextrapol_weights_all_selected,Gentiana tergestina,GT,500,bio14,0.09497774211729236,9.497774211729237,0.09497774211729236,50,5,12,396,274,5,1,/auto/brno2/brno2/zbubster/diplomka/models/ESM/recent_noextrapol_weights_all_selected/GT/500/esm_fit_bivariate.rds
recent_noextrapol_weights_all_selected,Gentiana tergestina,GT,500,soil_water_cap,0.09020219332496013,9.020219332496012,0.09020219332496013,51,5,12,396,274,5,1,/auto/brno2/brno2/zbubster/diplomka/models/ESM/recent_noextrapol_weights_all_selected/GT/500/esm_fit_bivariate.rds
recent_noextrapol_weights_all_selected,Gentiana tergestina,GT,500,bio06,0.06895172081292136,6.895172081292136,0.06895172081292136,47,5,12,396,274,5,1,/auto/brno2/brno2/zbubster/diplomka/models/ESM/recent_noextrapol_weights_all_selected/GT/500/esm_fit_bivariate.rds
recent_noextrapol_weights_all_selected,Gentiana tergestina,GT,500,TWI,0.06559462212767389,6.559462212767389,0.06559462212767389,43,5,12,396,274,5,1,/auto/brno2/brno2/zbubster/diplomka/models/ESM/recent_noextrapol_weights_all_selected/GT/500/esm_fit_bivariate.rds
recent_noextrapol_weights_all_selected,Gentiana tergestina,GT,500,HLI,0.06070519324141403,6.0705193241414035,0.06070519324141403,42,5,12,396,274,5,1,/auto/brno2/brno2/zbubster/diplomka/models/ESM/recent_noextrapol_weights_all_selected/GT/500/esm_fit_bivariate.rds
recent_noextrapol_weights_all_selected,Gentiana tergestina,GT,500,eastness,0.059053036035031085,5.905303603503109,0.059053036035031085,44,5,12,396,274,5,1,/auto/brno2/brno2/zbubster/diplomka/models/ESM/recent_noextrapol_weights_all_selected/GT/500/esm_fit_bivariate.rds
recent_noextrapol_weights_all_selected,Gentiana tergestina,GT,500,dem_range,0.044943971664719355,4.494397166471935,0.044943971664719355,30,5,12,396,274,5,1,/auto/brno2/brno2/zbubster/diplomka/models/ESM/recent_noextrapol_weights_all_selected/GT/500/esm_fit_bivariate.rds
recent_noextrapol_weights_all_selected,Gentiana tergestina,GT,500,depth_to_bedrock,0.0293705077761237,2.93705077761237,0.0293705077761237,27,5,12,396,274,5,1,/auto/brno2/brno2/zbubster/diplomka/models/ESM/recent_noextrapol_weights_all_selected/GT/500/esm_fit_bivariate.rds
recent_noextrapol_weights_all_selected,Primula kitaibeliana,PK,100,bio06,0.15708132604038325,15.708132604038324,0.15708132604038325,50,5,11,330,253,5,1,/auto/brno2/brno2/zbubster/diplomka/models/ESM/recent_noextrapol_weights_all_selected/PK/100/esm_fit_bivariate.rds
recent_noextrapol_weights_all_selected,Primula kitaibeliana,PK,100,bio14,0.1443866655731819,14.43866655731819,0.1443866655731819,50,5,11,330,253,5,1,/auto/brno2/brno2/zbubster/diplomka/models/ESM/recent_noextrapol_weights_all_selected/PK/100/esm_fit_bivariate.rds
recent_noextrapol_weights_all_selected,Primula kitaibeliana,PK,100,bio12,0.13294546834274498,13.294546834274499,0.13294546834274498,50,5,11,330,253,5,1,/auto/brno2/brno2/zbubster/diplomka/models/ESM/recent_noextrapol_weights_all_selected/PK/100/esm_fit_bivariate.rds
recent_noextrapol_weights_all_selected,Primula kitaibeliana,PK,100,depth_to_bedrock,0.10589396775606404,10.589396775606403,0.10589396775606404,50,5,11,330,253,5,1,/auto/brno2/brno2/zbubster/diplomka/models/ESM/recent_noextrapol_weights_all_selected/PK/100/esm_fit_bivariate.rds
recent_noextrapol_weights_all_selected,Primula kitaibeliana,PK,100,landcover,0.0830640887324779,8.30640887324779,0.0830640887324779,49,5,11,330,253,5,1,/auto/brno2/brno2/zbubster/diplomka/models/ESM/recent_noextrapol_weights_all_selected/PK/100/esm_fit_bivariate.rds
recent_noextrapol_weights_all_selected,Primula kitaibeliana,PK,100,soil_water_cap,0.07377148389580201,7.377148389580201,0.07377148389580201,46,5,11,330,253,5,1,/auto/brno2/brno2/zbubster/diplomka/models/ESM/recent_noextrapol_weights_all_selected/PK/100/esm_fit_bivariate.rds
recent_noextrapol_weights_all_selected,Primula kitaibeliana,PK,100,TWI,0.06591331853101971,6.591331853101972,0.06591331853101971,46,5,11,330,253,5,1,/auto/brno2/brno2/zbubster/diplomka/models/ESM/recent_noextrapol_weights_all_selected/PK/100/esm_fit_bivariate.rds
recent_noextrapol_weights_all_selected,Primula kitaibeliana,PK,100,dem_range,0.06546807001020982,6.546807001020982,0.06546807001020982,46,5,11,330,253,5,1,/auto/brno2/brno2/zbubster/diplomka/models/ESM/recent_noextrapol_weights_all_selected/PK/100/esm_fit_bivariate.rds
recent_noextrapol_weights_all_selected,Primula kitaibeliana,PK,100,northness,0.0577154732633018,5.77154732633018,0.0577154732633018,40,5,11,330,253,5,1,/auto/brno2/brno2/zbubster/diplomka/models/ESM/recent_noextrapol_weights_all_selected/PK/100/esm_fit_bivariate.rds
recent_noextrapol_weights_all_selected,Primula kitaibeliana,PK,100,eastness,0.057094184201013164,5.709418420101317,0.057094184201013164,38,5,11,330,253,5,1,/auto/brno2/brno2/zbubster/diplomka/models/ESM/recent_noextrapol_weights_all_selected/PK/100/esm_fit_bivariate.rds
recent_noextrapol_weights_all_selected,Primula kitaibeliana,PK,100,HLI,0.05666595365380152,5.666595365380152,0.05666595365380152,41,5,11,330,253,5,1,/auto/brno2/brno2/zbubster/diplomka/models/ESM/recent_noextrapol_weights_all_selected/PK/100/esm_fit_bivariate.rds
recent_noextrapol_weights_all_selected,Primula kitaibeliana,PK,1000,bio06,0.11408324446954879,11.408324446954879,0.11408324446954879,65,5,14,546,440,5,1,/auto/brno2/brno2/zbubster/diplomka/models/ESM/recent_noextrapol_weights_all_selected/PK/1000/esm_fit_bivariate.rds
recent_noextrapol_weights_all_selected,Primula kitaibeliana,PK,1000,bio14,0.08895014491365184,8.895014491365185,0.08895014491365184,65,5,14,546,440,5,1,/auto/brno2/brno2/zbubster/diplomka/models/ESM/recent_noextrapol_weights_all_selected/PK/1000/esm_fit_bivariate.rds
recent_noextrapol_weights_all_selected,Primula kitaibeliana,PK,1000,bedrock,0.08322092353912242,8.322092353912241,0.08322092353912242,65,5,14,546,440,5,1,/auto/brno2/brno2/zbubster/diplomka/models/ESM/recent_noextrapol_weights_all_selected/PK/1000/esm_fit_bivariate.rds
recent_noextrapol_weights_all_selected,Primula kitaibeliana,PK,1000,bio12,0.08304785647161997,8.304785647161998,0.08304785647161997,59,5,14,546,440,5,1,/auto/brno2/brno2/zbubster/diplomka/models/ESM/recent_noextrapol_weights_all_selected/PK/1000/esm_fit_bivariate.rds
recent_noextrapol_weights_all_selected,Primula kitaibeliana,PK,1000,landcover,0.07795908365940213,7.795908365940213,0.07795908365940213,63,5,14,546,440,5,1,/auto/brno2/brno2/zbubster/diplomka/models/ESM/recent_noextrapol_weights_all_selected/PK/1000/esm_fit_bivariate.rds
recent_noextrapol_weights_all_selected,Primula kitaibeliana,PK,1000,TPI,0.06931858344363123,6.931858344363123,0.06931858344363123,64,5,14,546,440,5,1,/auto/brno2/brno2/zbubster/diplomka/models/ESM/recent_noextrapol_weights_all_selected/PK/1000/esm_fit_bivariate.rds
recent_noextrapol_weights_all_selected,Primula kitaibeliana,PK,1000,depth_to_bedrock,0.0671298217560796,6.7129821756079595,0.0671298217560796,64,5,14,546,440,5,1,/auto/brno2/brno2/zbubster/diplomka/models/ESM/recent_noextrapol_weights_all_selected/PK/1000/esm_fit_bivariate.rds
recent_noextrapol_weights_all_selected,Primula kitaibeliana,PK,1000,dem_range,0.06672447389128539,6.672447389128538,0.06672447389128539,63,5,14,546,440,5,1,/auto/brno2/brno2/zbubster/diplomka/models/ESM/recent_noextrapol_weights_all_selected/PK/1000/esm_fit_bivariate.rds
recent_noextrapol_weights_all_selected,Primula kitaibeliana,PK,1000,bio04,0.06416753021987798,6.416753021987798,0.06416753021987798,63,5,14,546,440,5,1,/auto/brno2/brno2/zbubster/diplomka/models/ESM/recent_noextrapol_weights_all_selected/PK/1000/esm_fit_bivariate.rds
recent_noextrapol_weights_all_selected,Primula kitaibeliana,PK,1000,HLI,0.06356503794989542,6.356503794989542,0.06356503794989542,62,5,14,546,440,5,1,/auto/brno2/brno2/zbubster/diplomka/models/ESM/recent_noextrapol_weights_all_selected/PK/1000/esm_fit_bivariate.rds
recent_noextrapol_weights_all_selected,Primula kitaibeliana,PK,1000,TWI,0.06086400474241225,6.086400474241225,0.06086400474241225,63,5,14,546,440,5,1,/auto/brno2/brno2/zbubster/diplomka/models/ESM/recent_noextrapol_weights_all_selected/PK/1000/esm_fit_bivariate.rds
recent_noextrapol_weights_all_selected,Primula kitaibeliana,PK,1000,soil_water_cap,0.058860234700835894,5.88602347008359,0.058860234700835894,63,5,14,546,440,5,1,/auto/brno2/brno2/zbubster/diplomka/models/ESM/recent_noextrapol_weights_all_selected/PK/1000/esm_fit_bivariate.rds
recent_noextrapol_weights_all_selected,Primula kitaibeliana,PK,1000,northness,0.05527930092450598,5.527930092450598,0.05527930092450598,63,5,14,546,440,5,1,/auto/brno2/brno2/zbubster/diplomka/models/ESM/recent_noextrapol_weights_all_selected/PK/1000/esm_fit_bivariate.rds
recent_noextrapol_weights_all_selected,Primula kitaibeliana,PK,1000,eastness,0.046829759318131096,4.682975931813109,0.046829759318131096,58,5,14,546,440,5,1,/auto/brno2/brno2/zbubster/diplomka/models/ESM/recent_noextrapol_weights_all_selected/PK/1000/esm_fit_bivariate.rds
recent_noextrapol_weights_all_selected,Primula kitaibeliana,PK,200,bio14,0.12235494556221649,12.23549455622165,0.12235494556221647,60,5,13,468,362,5,0.9999999999999999,/auto/brno2/brno2/zbubster/diplomka/models/ESM/recent_noextrapol_weights_all_selected/PK/200/esm_fit_bivariate.rds
recent_noextrapol_weights_all_selected,Primula kitaibeliana,PK,200,bio12,0.11230512014848608,11.230512014848609,0.11230512014848607,60,5,13,468,362,5,0.9999999999999999,/auto/brno2/brno2/zbubster/diplomka/models/ESM/recent_noextrapol_weights_all_selected/PK/200/esm_fit_bivariate.rds
recent_noextrapol_weights_all_selected,Primula kitaibeliana,PK,200,bio06,0.10719731888929707,10.719731888929706,0.10719731888929705,60,5,13,468,362,5,0.9999999999999999,/auto/brno2/brno2/zbubster/diplomka/models/ESM/recent_noextrapol_weights_all_selected/PK/200/esm_fit_bivariate.rds
recent_noextrapol_weights_all_selected,Primula kitaibeliana,PK,200,depth_to_bedrock,0.09681650840194247,9.681650840194248,0.09681650840194246,60,5,13,468,362,5,0.9999999999999999,/auto/brno2/brno2/zbubster/diplomka/models/ESM/recent_noextrapol_weights_all_selected/PK/200/esm_fit_bivariate.rds
recent_noextrapol_weights_all_selected,Primula kitaibeliana,PK,200,bio04,0.08847530299441866,8.847530299441866,0.08847530299441865,60,5,13,468,362,5,0.9999999999999999,/auto/brno2/brno2/zbubster/diplomka/models/ESM/recent_noextrapol_weights_all_selected/PK/200/esm_fit_bivariate.rds
recent_noextrapol_weights_all_selected,Primula kitaibeliana,PK,200,bedrock,0.0852061751001393,8.52061751001393,0.08520617510013928,60,5,13,468,362,5,0.9999999999999999,/auto/brno2/brno2/zbubster/diplomka/models/ESM/recent_noextrapol_weights_all_selected/PK/200/esm_fit_bivariate.rds
recent_noextrapol_weights_all_selected,Primula kitaibeliana,PK,200,landcover,0.06889544132669925,6.889544132669926,0.06889544132669924,59,5,13,468,362,5,0.9999999999999999,/auto/brno2/brno2/zbubster/diplomka/models/ESM/recent_noextrapol_weights_all_selected/PK/200/esm_fit_bivariate.rds
recent_noextrapol_weights_all_selected,Primula kitaibeliana,PK,200,dem_range,0.06148686691516934,6.148686691516934,0.06148686691516933,57,5,13,468,362,5,0.9999999999999999,/auto/brno2/brno2/zbubster/diplomka/models/ESM/recent_noextrapol_weights_all_selected/PK/200/esm_fit_bivariate.rds
recent_noextrapol_weights_all_selected,Primula kitaibeliana,PK,200,TWI,0.05697971701648037,5.697971701648037,0.056979717016480365,52,5,13,468,362,5,0.9999999999999999,/auto/brno2/brno2/zbubster/diplomka/models/ESM/recent_noextrapol_weights_all_selected/PK/200/esm_fit_bivariate.rds
recent_noextrapol_weights_all_selected,Primula kitaibeliana,PK,200,soil_water_cap,0.05448967886239005,5.4489678862390045,0.05448967886239004,54,5,13,468,362,5,0.9999999999999999,/auto/brno2/brno2/zbubster/diplomka/models/ESM/recent_noextrapol_weights_all_selected/PK/200/esm_fit_bivariate.rds
recent_noextrapol_weights_all_selected,Primula kitaibeliana,PK,200,northness,0.05134653955967929,5.134653955967929,0.051346539559679286,47,5,13,468,362,5,0.9999999999999999,/auto/brno2/brno2/zbubster/diplomka/models/ESM/recent_noextrapol_weights_all_selected/PK/200/esm_fit_bivariate.rds
recent_noextrapol_weights_all_selected,Primula kitaibeliana,PK,200,HLI,0.05049587841632161,5.049587841632161,0.0504958784163216,52,5,13,468,362,5,0.9999999999999999,/auto/brno2/brno2/zbubster/diplomka/models/ESM/recent_noextrapol_weights_all_selected/PK/200/esm_fit_bivariate.rds
recent_noextrapol_weights_all_selected,Primula kitaibeliana,PK,200,eastness,0.04395050680676006,4.395050680676007,0.043950506806760055,43,5,13,468,362,5,0.9999999999999999,/auto/brno2/brno2/zbubster/diplomka/models/ESM/recent_noextrapol_weights_all_selected/PK/200/esm_fit_bivariate.rds
recent_noextrapol_weights_all_selected,Primula kitaibeliana,PK,500,bio06,0.1428441436985671,14.28441436985671,0.1428441436985671,55,5,12,396,315,5,1,/auto/brno2/brno2/zbubster/diplomka/models/ESM/recent_noextrapol_weights_all_selected/PK/500/esm_fit_bivariate.rds
recent_noextrapol_weights_all_selected,Primula kitaibeliana,PK,500,bio12,0.1158785696464358,11.58785696464358,0.1158785696464358,49,5,12,396,315,5,1,/auto/brno2/brno2/zbubster/diplomka/models/ESM/recent_noextrapol_weights_all_selected/PK/500/esm_fit_bivariate.rds
recent_noextrapol_weights_all_selected,Primula kitaibeliana,PK,500,landcover,0.09886585311398863,9.886585311398862,0.09886585311398863,55,5,12,396,315,5,1,/auto/brno2/brno2/zbubster/diplomka/models/ESM/recent_noextrapol_weights_all_selected/PK/500/esm_fit_bivariate.rds
recent_noextrapol_weights_all_selected,Primula kitaibeliana,PK,500,bio14,0.09799426345024193,9.799426345024193,0.09799426345024193,55,5,12,396,315,5,1,/auto/brno2/brno2/zbubster/diplomka/models/ESM/recent_noextrapol_weights_all_selected/PK/500/esm_fit_bivariate.rds
recent_noextrapol_weights_all_selected,Primula kitaibeliana,PK,500,bedrock,0.0945476773628084,9.454767736280841,0.0945476773628084,55,5,12,396,315,5,1,/auto/brno2/brno2/zbubster/diplomka/models/ESM/recent_noextrapol_weights_all_selected/PK/500/esm_fit_bivariate.rds
recent_noextrapol_weights_all_selected,Primula kitaibeliana,PK,500,TWI,0.07354685039500725,7.354685039500724,0.07354685039500725,53,5,12,396,315,5,1,/auto/brno2/brno2/zbubster/diplomka/models/ESM/recent_noextrapol_weights_all_selected/PK/500/esm_fit_bivariate.rds
recent_noextrapol_weights_all_selected,Primula kitaibeliana,PK,500,soil_water_cap,0.06574987488223973,6.5749874882239725,0.06574987488223973,52,5,12,396,315,5,1,/auto/brno2/brno2/zbubster/diplomka/models/ESM/recent_noextrapol_weights_all_selected/PK/500/esm_fit_bivariate.rds
recent_noextrapol_weights_all_selected,Primula kitaibeliana,PK,500,eastness,0.0654992328308558,6.5499232830855805,0.0654992328308558,53,5,12,396,315,5,1,/auto/brno2/brno2/zbubster/diplomka/models/ESM/recent_noextrapol_weights_all_selected/PK/500/esm_fit_bivariate.rds
recent_noextrapol_weights_all_selected,Primula kitaibeliana,PK,500,dem_range,0.06464244010332791,6.464244010332791,0.06464244010332791,53,5,12,396,315,5,1,/auto/brno2/brno2/zbubster/diplomka/models/ESM/recent_noextrapol_weights_all_selected/PK/500/esm_fit_bivariate.rds
recent_noextrapol_weights_all_selected,Primula kitaibeliana,PK,500,depth_to_bedrock,0.06288916800556293,6.288916800556294,0.06288916800556293,51,5,12,396,315,5,1,/auto/brno2/brno2/zbubster/diplomka/models/ESM/recent_noextrapol_weights_all_selected/PK/500/esm_fit_bivariate.rds
recent_noextrapol_weights_all_selected,Primula kitaibeliana,PK,500,northness,0.0593503455418782,5.93503455418782,0.0593503455418782,50,5,12,396,315,5,1,/auto/brno2/brno2/zbubster/diplomka/models/ESM/recent_noextrapol_weights_all_selected/PK/500/esm_fit_bivariate.rds
recent_noextrapol_weights_all_selected,Primula kitaibeliana,PK,500,HLI,0.058191580969086366,5.8191580969086365,0.058191580969086366,49,5,12,396,315,5,1,/auto/brno2/brno2/zbubster/diplomka/models/ESM/recent_noextrapol_weights_all_selected/PK/500/esm_fit_bivariate.rds
recent_noextrapol_weights_all_selected,Phyteuma orbiculare,PO,100,bio06,0.12516281424837047,12.516281424837047,0.12516281424837047,60,5,13,468,370,5,1,/auto/brno2/brno2/zbubster/diplomka/models/ESM/recent_noextrapol_weights_all_selected/PO/100/esm_fit_bivariate.rds
recent_noextrapol_weights_all_selected,Phyteuma orbiculare,PO,100,bio12,0.11571601521964836,11.571601521964837,0.11571601521964836,60,5,13,468,370,5,1,/auto/brno2/brno2/zbubster/diplomka/models/ESM/recent_noextrapol_weights_all_selected/PO/100/esm_fit_bivariate.rds
recent_noextrapol_weights_all_selected,Phyteuma orbiculare,PO,100,landcover,0.08927419707457887,8.927419707457886,0.08927419707457887,60,5,13,468,370,5,1,/auto/brno2/brno2/zbubster/diplomka/models/ESM/recent_noextrapol_weights_all_selected/PO/100/esm_fit_bivariate.rds
recent_noextrapol_weights_all_selected,Phyteuma orbiculare,PO,100,TWI,0.08748390166030685,8.748390166030685,0.08748390166030685,60,5,13,468,370,5,1,/auto/brno2/brno2/zbubster/diplomka/models/ESM/recent_noextrapol_weights_all_selected/PO/100/esm_fit_bivariate.rds
recent_noextrapol_weights_all_selected,Phyteuma orbiculare,PO,100,dem_range,0.08201143324228773,8.201143324228772,0.08201143324228773,59,5,13,468,370,5,1,/auto/brno2/brno2/zbubster/diplomka/models/ESM/recent_noextrapol_weights_all_selected/PO/100/esm_fit_bivariate.rds
recent_noextrapol_weights_all_selected,Phyteuma orbiculare,PO,100,TPI,0.07699271563408015,7.699271563408015,0.07699271563408015,60,5,13,468,370,5,1,/auto/brno2/brno2/zbubster/diplomka/models/ESM/recent_noextrapol_weights_all_selected/PO/100/esm_fit_bivariate.rds
recent_noextrapol_weights_all_selected,Phyteuma orbiculare,PO,100,bio14,0.069870235227721,6.9870235227721,0.069870235227721,59,5,13,468,370,5,1,/auto/brno2/brno2/zbubster/diplomka/models/ESM/recent_noextrapol_weights_all_selected/PO/100/esm_fit_bivariate.rds
recent_noextrapol_weights_all_selected,Phyteuma orbiculare,PO,100,depth_to_bedrock,0.06971344484381303,6.971344484381303,0.06971344484381303,56,5,13,468,370,5,1,/auto/brno2/brno2/zbubster/diplomka/models/ESM/recent_noextrapol_weights_all_selected/PO/100/esm_fit_bivariate.rds
recent_noextrapol_weights_all_selected,Phyteuma orbiculare,PO,100,aspect,0.0649739339086916,6.497393390869161,0.0649739339086916,54,5,13,468,370,5,1,/auto/brno2/brno2/zbubster/diplomka/models/ESM/recent_noextrapol_weights_all_selected/PO/100/esm_fit_bivariate.rds
recent_noextrapol_weights_all_selected,Phyteuma orbiculare,PO,100,soil_water_cap,0.056789416129154585,5.678941612915459,0.056789416129154585,53,5,13,468,370,5,1,/auto/brno2/brno2/zbubster/diplomka/models/ESM/recent_noextrapol_weights_all_selected/PO/100/esm_fit_bivariate.rds
recent_noextrapol_weights_all_selected,Phyteuma orbiculare,PO,100,northness,0.056061874268783826,5.606187426878383,0.056061874268783826,55,5,13,468,370,5,1,/auto/brno2/brno2/zbubster/diplomka/models/ESM/recent_noextrapol_weights_all_selected/PO/100/esm_fit_bivariate.rds
recent_noextrapol_weights_all_selected,Phyteuma orbiculare,PO,100,HLI,0.05336391957068127,5.336391957068127,0.05336391957068127,53,5,13,468,370,5,1,/auto/brno2/brno2/zbubster/diplomka/models/ESM/recent_noextrapol_weights_all_selected/PO/100/esm_fit_bivariate.rds
recent_noextrapol_weights_all_selected,Phyteuma orbiculare,PO,100,bedrock,0.05258609897188224,5.258609897188224,0.05258609897188224,51,5,13,468,370,5,1,/auto/brno2/brno2/zbubster/diplomka/models/ESM/recent_noextrapol_weights_all_selected/PO/100/esm_fit_bivariate.rds
recent_noextrapol_weights_all_selected,Phyteuma orbiculare,PO,1000,bio12,0.1285558788480006,12.85558788480006,0.1285558788480006,65,5,14,546,386,5,1,/auto/brno2/brno2/zbubster/diplomka/models/ESM/recent_noextrapol_weights_all_selected/PO/1000/esm_fit_bivariate.rds
recent_noextrapol_weights_all_selected,Phyteuma orbiculare,PO,1000,landcover,0.11363434677232508,11.363434677232508,0.11363434677232508,65,5,14,546,386,5,1,/auto/brno2/brno2/zbubster/diplomka/models/ESM/recent_noextrapol_weights_all_selected/PO/1000/esm_fit_bivariate.rds
recent_noextrapol_weights_all_selected,Phyteuma orbiculare,PO,1000,bio06,0.11235858021904074,11.235858021904074,0.11235858021904074,65,5,14,546,386,5,1,/auto/brno2/brno2/zbubster/diplomka/models/ESM/recent_noextrapol_weights_all_selected/PO/1000/esm_fit_bivariate.rds
recent_noextrapol_weights_all_selected,Phyteuma orbiculare,PO,1000,bio04,0.11047251134653223,11.047251134653223,0.11047251134653223,65,5,14,546,386,5,1,/auto/brno2/brno2/zbubster/diplomka/models/ESM/recent_noextrapol_weights_all_selected/PO/1000/esm_fit_bivariate.rds
recent_noextrapol_weights_all_selected,Phyteuma orbiculare,PO,1000,TPI,0.08405485732095745,8.405485732095745,0.08405485732095745,65,5,14,546,386,5,1,/auto/brno2/brno2/zbubster/diplomka/models/ESM/recent_noextrapol_weights_all_selected/PO/1000/esm_fit_bivariate.rds
recent_noextrapol_weights_all_selected,Phyteuma orbiculare,PO,1000,TRI,0.06411944585304709,6.411944585304709,0.06411944585304709,61,5,14,546,386,5,1,/auto/brno2/brno2/zbubster/diplomka/models/ESM/recent_noextrapol_weights_all_selected/PO/1000/esm_fit_bivariate.rds
recent_noextrapol_weights_all_selected,Phyteuma orbiculare,PO,1000,soil_water_cap,0.061263794299681346,6.126379429968135,0.061263794299681346,57,5,14,546,386,5,1,/auto/brno2/brno2/zbubster/diplomka/models/ESM/recent_noextrapol_weights_all_selected/PO/1000/esm_fit_bivariate.rds
recent_noextrapol_weights_all_selected,Phyteuma orbiculare,PO,1000,bedrock,0.057549526190102264,5.7549526190102265,0.057549526190102264,52,5,14,546,386,5,1,/auto/brno2/brno2/zbubster/diplomka/models/ESM/recent_noextrapol_weights_all_selected/PO/1000/esm_fit_bivariate.rds
recent_noextrapol_weights_all_selected,Phyteuma orbiculare,PO,1000,bio14,0.053495887182301465,5.349588718230146,0.053495887182301465,55,5,14,546,386,5,1,/auto/brno2/brno2/zbubster/diplomka/models/ESM/recent_noextrapol_weights_all_selected/PO/1000/esm_fit_bivariate.rds
recent_noextrapol_weights_all_selected,Phyteuma orbiculare,PO,1000,HLI,0.049877188884882975,4.987718888488297,0.049877188884882975,47,5,14,546,386,5,1,/auto/brno2/brno2/zbubster/diplomka/models/ESM/recent_noextrapol_weights_all_selected/PO/1000/esm_fit_bivariate.rds
recent_noextrapol_weights_all_selected,Phyteuma orbiculare,PO,1000,TWI,0.04804512139739668,4.804512139739668,0.04804512139739668,46,5,14,546,386,5,1,/auto/brno2/brno2/zbubster/diplomka/models/ESM/recent_noextrapol_weights_all_selected/PO/1000/esm_fit_bivariate.rds
recent_noextrapol_weights_all_selected,Phyteuma orbiculare,PO,1000,northness,0.04315189189255389,4.315189189255389,0.04315189189255389,44,5,14,546,386,5,1,/auto/brno2/brno2/zbubster/diplomka/models/ESM/recent_noextrapol_weights_all_selected/PO/1000/esm_fit_bivariate.rds
recent_noextrapol_weights_all_selected,Phyteuma orbiculare,PO,1000,eastness,0.039945501235926,3.9945501235926004,0.039945501235926,42,5,14,546,386,5,1,/auto/brno2/brno2/zbubster/diplomka/models/ESM/recent_noextrapol_weights_all_selected/PO/1000/esm_fit_bivariate.rds
recent_noextrapol_weights_all_selected,Phyteuma orbiculare,PO,1000,depth_to_bedrock,0.03347546855725222,3.3475468557252217,0.03347546855725222,43,5,14,546,386,5,1,/auto/brno2/brno2/zbubster/diplomka/models/ESM/recent_noextrapol_weights_all_selected/PO/1000/esm_fit_bivariate.rds
recent_noextrapol_weights_all_selected,Phyteuma orbiculare,PO,200,bio12,0.11424349914138529,11.42434991413853,0.11424349914138529,64,5,14,546,404,5,1,/auto/brno2/brno2/zbubster/diplomka/models/ESM/recent_noextrapol_weights_all_selected/PO/200/esm_fit_bivariate.rds
recent_noextrapol_weights_all_selected,Phyteuma orbiculare,PO,200,bio06,0.1137946218931365,11.37946218931365,0.1137946218931365,65,5,14,546,404,5,1,/auto/brno2/brno2/zbubster/diplomka/models/ESM/recent_noextrapol_weights_all_selected/PO/200/esm_fit_bivariate.rds
recent_noextrapol_weights_all_selected,Phyteuma orbiculare,PO,200,landcover,0.09237006878425408,9.237006878425408,0.09237006878425408,64,5,14,546,404,5,1,/auto/brno2/brno2/zbubster/diplomka/models/ESM/recent_noextrapol_weights_all_selected/PO/200/esm_fit_bivariate.rds
recent_noextrapol_weights_all_selected,Phyteuma orbiculare,PO,200,dem_range,0.08559117806208283,8.559117806208283,0.08559117806208283,61,5,14,546,404,5,1,/auto/brno2/brno2/zbubster/diplomka/models/ESM/recent_noextrapol_weights_all_selected/PO/200/esm_fit_bivariate.rds
recent_noextrapol_weights_all_selected,Phyteuma orbiculare,PO,200,eastness,0.08266896005419064,8.266896005419063,0.08266896005419064,62,5,14,546,404,5,1,/auto/brno2/brno2/zbubster/diplomka/models/ESM/recent_noextrapol_weights_all_selected/PO/200/esm_fit_bivariate.rds
recent_noextrapol_weights_all_selected,Phyteuma orbiculare,PO,200,depth_to_bedrock,0.0716150888070999,7.16150888070999,0.0716150888070999,63,5,14,546,404,5,1,/auto/brno2/brno2/zbubster/diplomka/models/ESM/recent_noextrapol_weights_all_selected/PO/200/esm_fit_bivariate.rds
recent_noextrapol_weights_all_selected,Phyteuma orbiculare,PO,200,TPI,0.07122469022102178,7.122469022102178,0.07122469022102178,62,5,14,546,404,5,1,/auto/brno2/brno2/zbubster/diplomka/models/ESM/recent_noextrapol_weights_all_selected/PO/200/esm_fit_bivariate.rds
recent_noextrapol_weights_all_selected,Phyteuma orbiculare,PO,200,TWI,0.07067624675541238,7.067624675541238,0.07067624675541238,58,5,14,546,404,5,1,/auto/brno2/brno2/zbubster/diplomka/models/ESM/recent_noextrapol_weights_all_selected/PO/200/esm_fit_bivariate.rds
recent_noextrapol_weights_all_selected,Phyteuma orbiculare,PO,200,bio07,0.06062657124348459,6.062657124348459,0.06062657124348459,56,5,14,546,404,5,1,/auto/brno2/brno2/zbubster/diplomka/models/ESM/recent_noextrapol_weights_all_selected/PO/200/esm_fit_bivariate.rds
recent_noextrapol_weights_all_selected,Phyteuma orbiculare,PO,200,soil_water_cap,0.05746891551915421,5.746891551915421,0.05746891551915421,55,5,14,546,404,5,1,/auto/brno2/brno2/zbubster/diplomka/models/ESM/recent_noextrapol_weights_all_selected/PO/200/esm_fit_bivariate.rds
recent_noextrapol_weights_all_selected,Phyteuma orbiculare,PO,200,northness,0.049078730060942856,4.9078730060942855,0.049078730060942856,55,5,14,546,404,5,1,/auto/brno2/brno2/zbubster/diplomka/models/ESM/recent_noextrapol_weights_all_selected/PO/200/esm_fit_bivariate.rds
recent_noextrapol_weights_all_selected,Phyteuma orbiculare,PO,200,bedrock,0.047857816096733424,4.785781609673342,0.047857816096733424,49,5,14,546,404,5,1,/auto/brno2/brno2/zbubster/diplomka/models/ESM/recent_noextrapol_weights_all_selected/PO/200/esm_fit_bivariate.rds
recent_noextrapol_weights_all_selected,Phyteuma orbiculare,PO,200,bio14,0.04332124858627829,4.332124858627829,0.04332124858627829,50,5,14,546,404,5,1,/auto/brno2/brno2/zbubster/diplomka/models/ESM/recent_noextrapol_weights_all_selected/PO/200/esm_fit_bivariate.rds
recent_noextrapol_weights_all_selected,Phyteuma orbiculare,PO,200,HLI,0.03946236477482322,3.946236477482322,0.03946236477482322,44,5,14,546,404,5,1,/auto/brno2/brno2/zbubster/diplomka/models/ESM/recent_noextrapol_weights_all_selected/PO/200/esm_fit_bivariate.rds
recent_noextrapol_weights_all_selected,Phyteuma orbiculare,PO,500,bio12,0.16123790560866755,16.123790560866755,0.16123790560866755,60,5,13,468,333,5,1,/auto/brno2/brno2/zbubster/diplomka/models/ESM/recent_noextrapol_weights_all_selected/PO/500/esm_fit_bivariate.rds
recent_noextrapol_weights_all_selected,Phyteuma orbiculare,PO,500,landcover,0.12055179862440693,12.055179862440694,0.12055179862440693,59,5,13,468,333,5,1,/auto/brno2/brno2/zbubster/diplomka/models/ESM/recent_noextrapol_weights_all_selected/PO/500/esm_fit_bivariate.rds
recent_noextrapol_weights_all_selected,Phyteuma orbiculare,PO,500,bio06,0.11548789657871646,11.548789657871646,0.11548789657871646,60,5,13,468,333,5,1,/auto/brno2/brno2/zbubster/diplomka/models/ESM/recent_noextrapol_weights_all_selected/PO/500/esm_fit_bivariate.rds
recent_noextrapol_weights_all_selected,Phyteuma orbiculare,PO,500,bio07,0.07415031656531969,7.415031656531969,0.07415031656531969,54,5,13,468,333,5,1,/auto/brno2/brno2/zbubster/diplomka/models/ESM/recent_noextrapol_weights_all_selected/PO/500/esm_fit_bivariate.rds
recent_noextrapol_weights_all_selected,Phyteuma orbiculare,PO,500,soil_water_cap,0.0729487330864679,7.294873308646791,0.0729487330864679,57,5,13,468,333,5,1,/auto/brno2/brno2/zbubster/diplomka/models/ESM/recent_noextrapol_weights_all_selected/PO/500/esm_fit_bivariate.rds
recent_noextrapol_weights_all_selected,Phyteuma orbiculare,PO,500,northness,0.07126882144318226,7.126882144318227,0.07126882144318226,58,5,13,468,333,5,1,/auto/brno2/brno2/zbubster/diplomka/models/ESM/recent_noextrapol_weights_all_selected/PO/500/esm_fit_bivariate.rds
recent_noextrapol_weights_all_selected,Phyteuma orbiculare,PO,500,bio14,0.06510620048780807,6.510620048780807,0.06510620048780807,51,5,13,468,333,5,1,/auto/brno2/brno2/zbubster/diplomka/models/ESM/recent_noextrapol_weights_all_selected/PO/500/esm_fit_bivariate.rds
recent_noextrapol_weights_all_selected,Phyteuma orbiculare,PO,500,HLI,0.06200383810109164,6.200383810109164,0.06200383810109164,52,5,13,468,333,5,1,/auto/brno2/brno2/zbubster/diplomka/models/ESM/recent_noextrapol_weights_all_selected/PO/500/esm_fit_bivariate.rds
recent_noextrapol_weights_all_selected,Phyteuma orbiculare,PO,500,depth_to_bedrock,0.06093315806051329,6.093315806051329,0.06093315806051329,46,5,13,468,333,5,1,/auto/brno2/brno2/zbubster/diplomka/models/ESM/recent_noextrapol_weights_all_selected/PO/500/esm_fit_bivariate.rds
recent_noextrapol_weights_all_selected,Phyteuma orbiculare,PO,500,dem_range,0.05657768285889041,5.65776828588904,0.05657768285889041,46,5,13,468,333,5,1,/auto/brno2/brno2/zbubster/diplomka/models/ESM/recent_noextrapol_weights_all_selected/PO/500/esm_fit_bivariate.rds
recent_noextrapol_weights_all_selected,Phyteuma orbiculare,PO,500,eastness,0.05223884342405107,5.223884342405107,0.05223884342405107,42,5,13,468,333,5,1,/auto/brno2/brno2/zbubster/diplomka/models/ESM/recent_noextrapol_weights_all_selected/PO/500/esm_fit_bivariate.rds
recent_noextrapol_weights_all_selected,Phyteuma orbiculare,PO,500,bedrock,0.05218651299040304,5.218651299040304,0.05218651299040304,43,5,13,468,333,5,1,/auto/brno2/brno2/zbubster/diplomka/models/ESM/recent_noextrapol_weights_all_selected/PO/500/esm_fit_bivariate.rds
recent_noextrapol_weights_all_selected,Phyteuma orbiculare,PO,500,TWI,0.03530829217048172,3.5308292170481717,0.03530829217048172,38,5,13,468,333,5,1,/auto/brno2/brno2/zbubster/diplomka/models/ESM/recent_noextrapol_weights_all_selected/PO/500/esm_fit_bivariate.rds
recent_noextrapol_weights_all_selected,Phyteuma pseudorbiculare,PP,100,bio14,0.14635615483364867,14.635615483364866,0.14635615483364867,60,5,13,468,322,5,1,/auto/brno2/brno2/zbubster/diplomka/models/ESM/recent_noextrapol_weights_all_selected/PP/100/esm_fit_bivariate.rds
recent_noextrapol_weights_all_selected,Phyteuma pseudorbiculare,PP,100,bio06,0.14498843594162797,14.498843594162796,0.14498843594162797,60,5,13,468,322,5,1,/auto/brno2/brno2/zbubster/diplomka/models/ESM/recent_noextrapol_weights_all_selected/PP/100/esm_fit_bivariate.rds
recent_noextrapol_weights_all_selected,Phyteuma pseudorbiculare,PP,100,landcover,0.1182888442953484,11.82888442953484,0.1182888442953484,60,5,13,468,322,5,1,/auto/brno2/brno2/zbubster/diplomka/models/ESM/recent_noextrapol_weights_all_selected/PP/100/esm_fit_bivariate.rds
recent_noextrapol_weights_all_selected,Phyteuma pseudorbiculare,PP,100,bio12,0.10913393053035611,10.91339305303561,0.10913393053035611,60,5,13,468,322,5,1,/auto/brno2/brno2/zbubster/diplomka/models/ESM/recent_noextrapol_weights_all_selected/PP/100/esm_fit_bivariate.rds
recent_noextrapol_weights_all_selected,Phyteuma pseudorbiculare,PP,100,bedrock,0.07029245927848554,7.029245927848554,0.07029245927848554,53,5,13,468,322,5,1,/auto/brno2/brno2/zbubster/diplomka/models/ESM/recent_noextrapol_weights_all_selected/PP/100/esm_fit_bivariate.rds
recent_noextrapol_weights_all_selected,Phyteuma pseudorbiculare,PP,100,HLI,0.06670643965334361,6.670643965334361,0.06670643965334361,53,5,13,468,322,5,1,/auto/brno2/brno2/zbubster/diplomka/models/ESM/recent_noextrapol_weights_all_selected/PP/100/esm_fit_bivariate.rds
recent_noextrapol_weights_all_selected,Phyteuma pseudorbiculare,PP,100,depth_to_bedrock,0.06068229625554769,6.068229625554769,0.06068229625554769,48,5,13,468,322,5,1,/auto/brno2/brno2/zbubster/diplomka/models/ESM/recent_noextrapol_weights_all_selected/PP/100/esm_fit_bivariate.rds
recent_noextrapol_weights_all_selected,Phyteuma pseudorbiculare,PP,100,TPI,0.05017214219375093,5.017214219375092,0.05017214219375093,40,5,13,468,322,5,1,/auto/brno2/brno2/zbubster/diplomka/models/ESM/recent_noextrapol_weights_all_selected/PP/100/esm_fit_bivariate.rds
recent_noextrapol_weights_all_selected,Phyteuma pseudorbiculare,PP,100,soil_water_cap,0.04880208437301023,4.880208437301023,0.04880208437301023,46,5,13,468,322,5,1,/auto/brno2/brno2/zbubster/diplomka/models/ESM/recent_noextrapol_weights_all_selected/PP/100/esm_fit_bivariate.rds
recent_noextrapol_weights_all_selected,Phyteuma pseudorbiculare,PP,100,dem_range,0.048060074795667714,4.806007479566771,0.048060074795667714,42,5,13,468,322,5,1,/auto/brno2/brno2/zbubster/diplomka/models/ESM/recent_noextrapol_weights_all_selected/PP/100/esm_fit_bivariate.rds
recent_noextrapol_weights_all_selected,Phyteuma pseudorbiculare,PP,100,TWI,0.04749201897981265,4.749201897981266,0.04749201897981265,46,5,13,468,322,5,1,/auto/brno2/brno2/zbubster/diplomka/models/ESM/recent_noextrapol_weights_all_selected/PP/100/esm_fit_bivariate.rds
recent_noextrapol_weights_all_selected,Phyteuma pseudorbiculare,PP,100,aspect,0.04526830420788505,4.526830420788505,0.04526830420788505,38,5,13,468,322,5,1,/auto/brno2/brno2/zbubster/diplomka/models/ESM/recent_noextrapol_weights_all_selected/PP/100/esm_fit_bivariate.rds
recent_noextrapol_weights_all_selected,Phyteuma pseudorbiculare,PP,100,northness,0.04375681466151546,4.375681466151546,0.04375681466151546,38,5,13,468,322,5,1,/auto/brno2/brno2/zbubster/diplomka/models/ESM/recent_noextrapol_weights_all_selected/PP/100/esm_fit_bivariate.rds
recent_noextrapol_weights_all_selected,Phyteuma pseudorbiculare,PP,1000,bio12,0.1199467857186694,11.99467857186694,0.11994678571866939,64,5,14,546,396,5,0.9999999999999999,/auto/brno2/brno2/zbubster/diplomka/models/ESM/recent_noextrapol_weights_all_selected/PP/1000/esm_fit_bivariate.rds
recent_noextrapol_weights_all_selected,Phyteuma pseudorbiculare,PP,1000,bio06,0.11046657671669828,11.046657671669829,0.11046657671669827,63,5,14,546,396,5,0.9999999999999999,/auto/brno2/brno2/zbubster/diplomka/models/ESM/recent_noextrapol_weights_all_selected/PP/1000/esm_fit_bivariate.rds
recent_noextrapol_weights_all_selected,Phyteuma pseudorbiculare,PP,1000,bio14,0.10446041477737471,10.44604147773747,0.1044604147773747,65,5,14,546,396,5,0.9999999999999999,/auto/brno2/brno2/zbubster/diplomka/models/ESM/recent_noextrapol_weights_all_selected/PP/1000/esm_fit_bivariate.rds
recent_noextrapol_weights_all_selected,Phyteuma pseudorbiculare,PP,1000,soil_water_cap,0.08411633603902413,8.411633603902413,0.08411633603902412,63,5,14,546,396,5,0.9999999999999999,/auto/brno2/brno2/zbubster/diplomka/models/ESM/recent_noextrapol_weights_all_selected/PP/1000/esm_fit_bivariate.rds
recent_noextrapol_weights_all_selected,Phyteuma pseudorbiculare,PP,1000,landcover,0.08052060067614165,8.052060067614166,0.08052060067614164,61,5,14,546,396,5,0.9999999999999999,/auto/brno2/brno2/zbubster/diplomka/models/ESM/recent_noextrapol_weights_all_selected/PP/1000/esm_fit_bivariate.rds
recent_noextrapol_weights_all_selected,Phyteuma pseudorbiculare,PP,1000,bio04,0.080452978958962,8.0452978958962,0.08045297895896199,63,5,14,546,396,5,0.9999999999999999,/auto/brno2/brno2/zbubster/diplomka/models/ESM/recent_noextrapol_weights_all_selected/PP/1000/esm_fit_bivariate.rds
recent_noextrapol_weights_all_selected,Phyteuma pseudorbiculare,PP,1000,TRI,0.06560563581322348,6.560563581322349,0.06560563581322347,58,5,14,546,396,5,0.9999999999999999,/auto/brno2/brno2/zbubster/diplomka/models/ESM/recent_noextrapol_weights_all_selected/PP/1000/esm_fit_bivariate.rds
recent_noextrapol_weights_all_selected,Phyteuma pseudorbiculare,PP,1000,TPI,0.06546796750063578,6.546796750063579,0.06546796750063577,59,5,14,546,396,5,0.9999999999999999,/auto/brno2/brno2/zbubster/diplomka/models/ESM/recent_noextrapol_weights_all_selected/PP/1000/esm_fit_bivariate.rds
recent_noextrapol_weights_all_selected,Phyteuma pseudorbiculare,PP,1000,bedrock,0.05719171798325504,5.719171798325505,0.057191717983255036,51,5,14,546,396,5,0.9999999999999999,/auto/brno2/brno2/zbubster/diplomka/models/ESM/recent_noextrapol_weights_all_selected/PP/1000/esm_fit_bivariate.rds
recent_noextrapol_weights_all_selected,Phyteuma pseudorbiculare,PP,1000,TWI,0.056008464414369095,5.60084644143691,0.05600846441436909,56,5,14,546,396,5,0.9999999999999999,/auto/brno2/brno2/zbubster/diplomka/models/ESM/recent_noextrapol_weights_all_selected/PP/1000/esm_fit_bivariate.rds
recent_noextrapol_weights_all_selected,Phyteuma pseudorbiculare,PP,1000,depth_to_bedrock,0.05426389236280376,5.426389236280376,0.05426389236280375,53,5,14,546,396,5,0.9999999999999999,/auto/brno2/brno2/zbubster/diplomka/models/ESM/recent_noextrapol_weights_all_selected/PP/1000/esm_fit_bivariate.rds
recent_noextrapol_weights_all_selected,Phyteuma pseudorbiculare,PP,1000,eastness,0.04860058702900688,4.860058702900688,0.048600587029006874,52,5,14,546,396,5,0.9999999999999999,/auto/brno2/brno2/zbubster/diplomka/models/ESM/recent_noextrapol_weights_all_selected/PP/1000/esm_fit_bivariate.rds
recent_noextrapol_weights_all_selected,Phyteuma pseudorbiculare,PP,1000,HLI,0.04521576732310337,4.521576732310336,0.04521576732310336,49,5,14,546,396,5,0.9999999999999999,/auto/brno2/brno2/zbubster/diplomka/models/ESM/recent_noextrapol_weights_all_selected/PP/1000/esm_fit_bivariate.rds
recent_noextrapol_weights_all_selected,Phyteuma pseudorbiculare,PP,1000,northness,0.027682274686732452,2.768227468673245,0.02768227468673245,35,5,14,546,396,5,0.9999999999999999,/auto/brno2/brno2/zbubster/diplomka/models/ESM/recent_noextrapol_weights_all_selected/PP/1000/esm_fit_bivariate.rds
recent_noextrapol_weights_all_selected,Phyteuma pseudorbiculare,PP,200,bio14,0.13426180089054116,13.426180089054116,0.13426180089054116,65,5,14,546,379,5,1,/auto/brno2/brno2/zbubster/diplomka/models/ESM/recent_noextrapol_weights_all_selected/PP/200/esm_fit_bivariate.rds
recent_noextrapol_weights_all_selected,Phyteuma pseudorbiculare,PP,200,bio06,0.12134581529890134,12.134581529890134,0.12134581529890134,65,5,14,546,379,5,1,/auto/brno2/brno2/zbubster/diplomka/models/ESM/recent_noextrapol_weights_all_selected/PP/200/esm_fit_bivariate.rds
recent_noextrapol_weights_all_selected,Phyteuma pseudorbiculare,PP,200,bio12,0.10459188177758459,10.45918817775846,0.10459188177758459,65,5,14,546,379,5,1,/auto/brno2/brno2/zbubster/diplomka/models/ESM/recent_noextrapol_weights_all_selected/PP/200/esm_fit_bivariate.rds
recent_noextrapol_weights_all_selected,Phyteuma pseudorbiculare,PP,200,bio07,0.10241715906213808,10.241715906213807,0.10241715906213808,64,5,14,546,379,5,1,/auto/brno2/brno2/zbubster/diplomka/models/ESM/recent_noextrapol_weights_all_selected/PP/200/esm_fit_bivariate.rds
recent_noextrapol_weights_all_selected,Phyteuma pseudorbiculare,PP,200,landcover,0.08668749740466207,8.668749740466207,0.08668749740466207,65,5,14,546,379,5,1,/auto/brno2/brno2/zbubster/diplomka/models/ESM/recent_noextrapol_weights_all_selected/PP/200/esm_fit_bivariate.rds
recent_noextrapol_weights_all_selected,Phyteuma pseudorbiculare,PP,200,depth_to_bedrock,0.07703784351672617,7.703784351672617,0.07703784351672617,61,5,14,546,379,5,1,/auto/brno2/brno2/zbubster/diplomka/models/ESM/recent_noextrapol_weights_all_selected/PP/200/esm_fit_bivariate.rds
recent_noextrapol_weights_all_selected,Phyteuma pseudorbiculare,PP,200,bedrock,0.058231443256980965,5.823144325698096,0.058231443256980965,52,5,14,546,379,5,1,/auto/brno2/brno2/zbubster/diplomka/models/ESM/recent_noextrapol_weights_all_selected/PP/200/esm_fit_bivariate.rds
recent_noextrapol_weights_all_selected,Phyteuma pseudorbiculare,PP,200,eastness,0.051984971571795255,5.198497157179525,0.051984971571795255,49,5,14,546,379,5,1,/auto/brno2/brno2/zbubster/diplomka/models/ESM/recent_noextrapol_weights_all_selected/PP/200/esm_fit_bivariate.rds
recent_noextrapol_weights_all_selected,Phyteuma pseudorbiculare,PP,200,TWI,0.05185857449132176,5.185857449132176,0.05185857449132176,54,5,14,546,379,5,1,/auto/brno2/brno2/zbubster/diplomka/models/ESM/recent_noextrapol_weights_all_selected/PP/200/esm_fit_bivariate.rds
recent_noextrapol_weights_all_selected,Phyteuma pseudorbiculare,PP,200,soil_water_cap,0.049829320693881726,4.9829320693881725,0.049829320693881726,53,5,14,546,379,5,1,/auto/brno2/brno2/zbubster/diplomka/models/ESM/recent_noextrapol_weights_all_selected/PP/200/esm_fit_bivariate.rds
recent_noextrapol_weights_all_selected,Phyteuma pseudorbiculare,PP,200,TPI,0.04614750869202249,4.614750869202249,0.04614750869202249,45,5,14,546,379,5,1,/auto/brno2/brno2/zbubster/diplomka/models/ESM/recent_noextrapol_weights_all_selected/PP/200/esm_fit_bivariate.rds
recent_noextrapol_weights_all_selected,Phyteuma pseudorbiculare,PP,200,HLI,0.04306750453686854,4.306750453686854,0.04306750453686854,43,5,14,546,379,5,1,/auto/brno2/brno2/zbubster/diplomka/models/ESM/recent_noextrapol_weights_all_selected/PP/200/esm_fit_bivariate.rds
recent_noextrapol_weights_all_selected,Phyteuma pseudorbiculare,PP,200,northness,0.040401322983931696,4.04013229839317,0.040401322983931696,40,5,14,546,379,5,1,/auto/brno2/brno2/zbubster/diplomka/models/ESM/recent_noextrapol_weights_all_selected/PP/200/esm_fit_bivariate.rds
recent_noextrapol_weights_all_selected,Phyteuma pseudorbiculare,PP,200,dem_range,0.03213735582264416,3.213735582264416,0.03213735582264416,37,5,14,546,379,5,1,/auto/brno2/brno2/zbubster/diplomka/models/ESM/recent_noextrapol_weights_all_selected/PP/200/esm_fit_bivariate.rds
recent_noextrapol_weights_all_selected,Phyteuma pseudorbiculare,PP,500,bio06,0.12608219758868072,12.608219758868072,0.12608219758868072,60,5,13,468,345,5,1,/auto/brno2/brno2/zbubster/diplomka/models/ESM/recent_noextrapol_weights_all_selected/PP/500/esm_fit_bivariate.rds
recent_noextrapol_weights_all_selected,Phyteuma pseudorbiculare,PP,500,landcover,0.11086148707931943,11.086148707931944,0.11086148707931943,59,5,13,468,345,5,1,/auto/brno2/brno2/zbubster/diplomka/models/ESM/recent_noextrapol_weights_all_selected/PP/500/esm_fit_bivariate.rds
recent_noextrapol_weights_all_selected,Phyteuma pseudorbiculare,PP,500,bio12,0.09975393980026986,9.975393980026986,0.09975393980026986,60,5,13,468,345,5,1,/auto/brno2/brno2/zbubster/diplomka/models/ESM/recent_noextrapol_weights_all_selected/PP/500/esm_fit_bivariate.rds
recent_noextrapol_weights_all_selected,Phyteuma pseudorbiculare,PP,500,soil_water_cap,0.09321580760474465,9.321580760474465,0.09321580760474465,60,5,13,468,345,5,1,/auto/brno2/brno2/zbubster/diplomka/models/ESM/recent_noextrapol_weights_all_selected/PP/500/esm_fit_bivariate.rds
recent_noextrapol_weights_all_selected,Phyteuma pseudorbiculare,PP,500,bio14,0.09073437318691537,9.073437318691537,0.09073437318691537,59,5,13,468,345,5,1,/auto/brno2/brno2/zbubster/diplomka/models/ESM/recent_noextrapol_weights_all_selected/PP/500/esm_fit_bivariate.rds
recent_noextrapol_weights_all_selected,Phyteuma pseudorbiculare,PP,500,depth_to_bedrock,0.08717290909239381,8.71729090923938,0.08717290909239381,60,5,13,468,345,5,1,/auto/brno2/brno2/zbubster/diplomka/models/ESM/recent_noextrapol_weights_all_selected/PP/500/esm_fit_bivariate.rds
recent_noextrapol_weights_all_selected,Phyteuma pseudorbiculare,PP,500,bio07,0.077963018130443415,7.796301813044342,0.077963018130443415,56,5,13,468,345,5,1,/auto/brno2/brno2/zbubster/diplomka/models/ESM/recent_noextrapol_weights_all_selected/PP/500/esm_fit_bivariate.rds
recent_noextrapol_weights_all_selected,Phyteuma pseudorbiculare,PP,500,HLI,0.07420853981573709,7.42085398157371,0.07420853981573709,55,5,13,468,345,5,1,/auto/brno2/brno2/zbubster/diplomka/models/ESM/recent_noextrapol_weights_all_selected/PP/500/esm_fit_bivariate.rds
recent_noextrapol_weights_all_selected,Phyteuma pseudorbiculare,PP,500,bedrock,0.06397924023147611,6.397924023147611,0.06397924023147611,46,5,13,468,345,5,1,/auto/brno2/brno2/zbubster/diplomka/models/ESM/recent_noextrapol_weights_all_selected/PP/500/esm_fit_bivariate.rds
recent_noextrapol_weights_all_selected,Phyteuma pseudorbiculare,PP,500,dem_range,0.05696725136168849,5.6967251361688485,0.05696725136168849,51,5,13,468,345,5,1,/auto/brno2/brno2/zbubster/diplomka/models/ESM/recent_noextrapol_weights_all_selected/PP/500/esm_fit_bivariate.rds
recent_noextrapol_weights_all_selected,Phyteuma pseudorbiculare,PP,500,TWI,0.04524090090071348,4.524090090071348,0.04524090090071348,42,5,13,468,345,5,1,/auto/brno2/brno2/zbubster/diplomka/models/ESM/recent_noextrapol_weights_all_selected/PP/500/esm_fit_bivariate.rds
recent_noextrapol_weights_all_selected,Phyteuma pseudorbiculare,PP,500,eastness,0.038917284412772445,3.8917284412772446,0.038917284412772445,45,5,13,468,345,5,1,/auto/brno2/brno2/zbubster/diplomka/models/ESM/recent_noextrapol_weights_all_selected/PP/500/esm_fit_bivariate.rds
recent_noextrapol_weights_all_selected,Phyteuma pseudorbiculare,PP,500,northness,0.03490305079484509,3.490305079484509,0.03490305079484509,37,5,13,468,345,5,1,/auto/brno2/brno2/zbubster/diplomka/models/ESM/recent_noextrapol_weights_all_selected/PP/500/esm_fit_bivariate.rds
recent_noextrapol_weights_all_selected,Saxifraga blavii,SB,100,bio06,0.14789599194152758,14.789599194152759,0.14789599194152755,60,5,13,468,351,5,0.9999999999999999,/auto/brno2/brno2/zbubster/diplomka/models/ESM/recent_noextrapol_weights_all_selected/SB/100/esm_fit_bivariate.rds
recent_noextrapol_weights_all_selected,Saxifraga blavii,SB,100,landcover,0.13119701518438748,13.119701518438747,0.13119701518438745,60,5,13,468,351,5,0.9999999999999999,/auto/brno2/brno2/zbubster/diplomka/models/ESM/recent_noextrapol_weights_all_selected/SB/100/esm_fit_bivariate.rds
recent_noextrapol_weights_all_selected,Saxifraga blavii,SB,100,bio12,0.09937107124095729,9.937107124095728,0.09937107124095727,59,5,13,468,351,5,0.9999999999999999,/auto/brno2/brno2/zbubster/diplomka/models/ESM/recent_noextrapol_weights_all_selected/SB/100/esm_fit_bivariate.rds
recent_noextrapol_weights_all_selected,Saxifraga blavii,SB,100,bedrock,0.08206823288106113,8.206823288106113,0.08206823288106112,59,5,13,468,351,5,0.9999999999999999,/auto/brno2/brno2/zbubster/diplomka/models/ESM/recent_noextrapol_weights_all_selected/SB/100/esm_fit_bivariate.rds
recent_noextrapol_weights_all_selected,Saxifraga blavii,SB,100,soil_water_cap,0.07647674719933006,7.647674719933006,0.07647674719933005,58,5,13,468,351,5,0.9999999999999999,/auto/brno2/brno2/zbubster/diplomka/models/ESM/recent_noextrapol_weights_all_selected/SB/100/esm_fit_bivariate.rds
recent_noextrapol_weights_all_selected,Saxifraga blavii,SB,100,HLI,0.06693518841854286,6.693518841854286,0.06693518841854285,51,5,13,468,351,5,0.9999999999999999,/auto/brno2/brno2/zbubster/diplomka/models/ESM/recent_noextrapol_weights_all_selected/SB/100/esm_fit_bivariate.rds
recent_noextrapol_weights_all_selected,Saxifraga blavii,SB,100,depth_to_bedrock,0.06345421029485679,6.345421029485679,0.06345421029485677,55,5,13,468,351,5,0.9999999999999999,/auto/brno2/brno2/zbubster/diplomka/models/ESM/recent_noextrapol_weights_all_selected/SB/100/esm_fit_bivariate.rds
recent_noextrapol_weights_all_selected,Saxifraga blavii,SB,100,dem_range,0.06266295692660193,6.266295692660193,0.06266295692660191,50,5,13,468,351,5,0.9999999999999999,/auto/brno2/brno2/zbubster/diplomka/models/ESM/recent_noextrapol_weights_all_selected/SB/100/esm_fit_bivariate.rds
recent_noextrapol_weights_all_selected,Saxifraga blavii,SB,100,aspect,0.05822109691008213,5.822109691008213,0.05822109691008212,52,5,13,468,351,5,0.9999999999999999,/auto/brno2/brno2/zbubster/diplomka/models/ESM/recent_noextrapol_weights_all_selected/SB/100/esm_fit_bivariate.rds
recent_noextrapol_weights_all_selected,Saxifraga blavii,SB,100,TPI,0.05575645099172742,5.575645099172742,0.055756450991727415,52,5,13,468,351,5,0.9999999999999999,/auto/brno2/brno2/zbubster/diplomka/models/ESM/recent_noextrapol_weights_all_selected/SB/100/esm_fit_bivariate.rds
recent_noextrapol_weights_all_selected,Saxifraga blavii,SB,100,northness,0.054235682286840996,5.4235682286841,0.05423568228684099,49,5,13,468,351,5,0.9999999999999999,/auto/brno2/brno2/zbubster/diplomka/models/ESM/recent_noextrapol_weights_all_selected/SB/100/esm_fit_bivariate.rds
recent_noextrapol_weights_all_selected,Saxifraga blavii,SB,100,TWI,0.05225675763527952,5.225675763527952,0.05225675763527951,46,5,13,468,351,5,0.9999999999999999,/auto/brno2/brno2/zbubster/diplomka/models/ESM/recent_noextrapol_weights_all_selected/SB/100/esm_fit_bivariate.rds
recent_noextrapol_weights_all_selected,Saxifraga blavii,SB,100,bio14,0.049468598088804897,4.94685980888049,0.04946859808880489,51,5,13,468,351,5,0.9999999999999999,/auto/brno2/brno2/zbubster/diplomka/models/ESM/recent_noextrapol_weights_all_selected/SB/100/esm_fit_bivariate.rds
recent_noextrapol_weights_all_selected,Saxifraga blavii,SB,1000,bio06,0.1612109337085797,16.12109337085797,0.1612109337085797,65,5,14,546,405,5,1,/auto/brno2/brno2/zbubster/diplomka/models/ESM/recent_noextrapol_weights_all_selected/SB/1000/esm_fit_bivariate.rds
recent_noextrapol_weights_all_selected,Saxifraga blavii,SB,1000,landcover,0.1193160757573319,11.93160757573319,0.1193160757573319,65,5,14,546,405,5,1,/auto/brno2/brno2/zbubster/diplomka/models/ESM/recent_noextrapol_weights_all_selected/SB/1000/esm_fit_bivariate.rds
recent_noextrapol_weights_all_selected,Saxifraga blavii,SB,1000,bio12,0.09577089579331954,9.577089579331954,0.09577089579331954,65,5,14,546,405,5,1,/auto/brno2/brno2/zbubster/diplomka/models/ESM/recent_noextrapol_weights_all_selected/SB/1000/esm_fit_bivariate.rds
recent_noextrapol_weights_all_selected,Saxifraga blavii,SB,1000,bedrock,0.08923853756885737,8.923853756885737,0.08923853756885737,65,5,14,546,405,5,1,/auto/brno2/brno2/zbubster/diplomka/models/ESM/recent_noextrapol_weights_all_selected/SB/1000/esm_fit_bivariate.rds
recent_noextrapol_weights_all_selected,Saxifraga blavii,SB,1000,bio14,0.08573982000563989,8.573982000563989,0.08573982000563989,64,5,14,546,405,5,1,/auto/brno2/brno2/zbubster/diplomka/models/ESM/recent_noextrapol_weights_all_selected/SB/1000/esm_fit_bivariate.rds
recent_noextrapol_weights_all_selected,Saxifraga blavii,SB,1000,soil_water_cap,0.061110009023165976,6.111000902316597,0.061110009023165976,62,5,14,546,405,5,1,/auto/brno2/brno2/zbubster/diplomka/models/ESM/recent_noextrapol_weights_all_selected/SB/1000/esm_fit_bivariate.rds
recent_noextrapol_weights_all_selected,Saxifraga blavii,SB,1000,depth_to_bedrock,0.05731942130643242,5.731942130643242,0.05731942130643242,63,5,14,546,405,5,1,/auto/brno2/brno2/zbubster/diplomka/models/ESM/recent_noextrapol_weights_all_selected/SB/1000/esm_fit_bivariate.rds
recent_noextrapol_weights_all_selected,Saxifraga blavii,SB,1000,bio04,0.05312981433504627,5.3129814335046275,0.05312981433504627,59,5,14,546,405,5,1,/auto/brno2/brno2/zbubster/diplomka/models/ESM/recent_noextrapol_weights_all_selected/SB/1000/esm_fit_bivariate.rds
recent_noextrapol_weights_all_selected,Saxifraga blavii,SB,1000,TRI,0.05042106131750961,5.042106131750961,0.05042106131750961,55,5,14,546,405,5,1,/auto/brno2/brno2/zbubster/diplomka/models/ESM/recent_noextrapol_weights_all_selected/SB/1000/esm_fit_bivariate.rds
recent_noextrapol_weights_all_selected,Saxifraga blavii,SB,1000,TPI,0.048170056899459225,4.817005689945923,0.048170056899459225,52,5,14,546,405,5,1,/auto/brno2/brno2/zbubster/diplomka/models/ESM/recent_noextrapol_weights_all_selected/SB/1000/esm_fit_bivariate.rds
recent_noextrapol_weights_all_selected,Saxifraga blavii,SB,1000,eastness,0.047714329895560466,4.771432989556047,0.047714329895560466,50,5,14,546,405,5,1,/auto/brno2/brno2/zbubster/diplomka/models/ESM/recent_noextrapol_weights_all_selected/SB/1000/esm_fit_bivariate.rds
recent_noextrapol_weights_all_selected,Saxifraga blavii,SB,1000,TWI,0.04681703335350547,4.681703335350547,0.04681703335350547,49,5,14,546,405,5,1,/auto/brno2/brno2/zbubster/diplomka/models/ESM/recent_noextrapol_weights_all_selected/SB/1000/esm_fit_bivariate.rds
recent_noextrapol_weights_all_selected,Saxifraga blavii,SB,1000,HLI,0.043631108051880106,4.36311080518801,0.043631108051880106,48,5,14,546,405,5,1,/auto/brno2/brno2/zbubster/diplomka/models/ESM/recent_noextrapol_weights_all_selected/SB/1000/esm_fit_bivariate.rds
recent_noextrapol_weights_all_selected,Saxifraga blavii,SB,1000,northness,0.04041090298371207,4.0410902983712065,0.04041090298371207,48,5,14,546,405,5,1,/auto/brno2/brno2/zbubster/diplomka/models/ESM/recent_noextrapol_weights_all_selected/SB/1000/esm_fit_bivariate.rds
recent_noextrapol_weights_all_selected,Saxifraga blavii,SB,200,bio06,0.1492021392316243,14.920213923162429,0.1492021392316243,65,5,14,546,378,5,1,/auto/brno2/brno2/zbubster/diplomka/models/ESM/recent_noextrapol_weights_all_selected/SB/200/esm_fit_bivariate.rds
recent_noextrapol_weights_all_selected,Saxifraga blavii,SB,200,landcover,0.10963338815132712,10.963338815132712,0.10963338815132712,65,5,14,546,378,5,1,/auto/brno2/brno2/zbubster/diplomka/models/ESM/recent_noextrapol_weights_all_selected/SB/200/esm_fit_bivariate.rds
recent_noextrapol_weights_all_selected,Saxifraga blavii,SB,200,bio07,0.10298504028115527,10.298504028115527,0.10298504028115527,64,5,14,546,378,5,1,/auto/brno2/brno2/zbubster/diplomka/models/ESM/recent_noextrapol_weights_all_selected/SB/200/esm_fit_bivariate.rds
recent_noextrapol_weights_all_selected,Saxifraga blavii,SB,200,bio12,0.10107883983372155,10.107883983372155,0.10107883983372155,65,5,14,546,378,5,1,/auto/brno2/brno2/zbubster/diplomka/models/ESM/recent_noextrapol_weights_all_selected/SB/200/esm_fit_bivariate.rds
recent_noextrapol_weights_all_selected,Saxifraga blavii,SB,200,bio14,0.07842563445078486,7.842563445078486,0.07842563445078486,65,5,14,546,378,5,1,/auto/brno2/brno2/zbubster/diplomka/models/ESM/recent_noextrapol_weights_all_selected/SB/200/esm_fit_bivariate.rds
recent_noextrapol_weights_all_selected,Saxifraga blavii,SB,200,soil_water_cap,0.07834656303261693,7.834656303261693,0.07834656303261693,61,5,14,546,378,5,1,/auto/brno2/brno2/zbubster/diplomka/models/ESM/recent_noextrapol_weights_all_selected/SB/200/esm_fit_bivariate.rds
recent_noextrapol_weights_all_selected,Saxifraga blavii,SB,200,depth_to_bedrock,0.0595102338114009,5.95102338114009,0.0595102338114009,54,5,14,546,378,5,1,/auto/brno2/brno2/zbubster/diplomka/models/ESM/recent_noextrapol_weights_all_selected/SB/200/esm_fit_bivariate.rds
recent_noextrapol_weights_all_selected,Saxifraga blavii,SB,200,bedrock,0.05742711113594612,5.742711113594612,0.05742711113594612,50,5,14,546,378,5,1,/auto/brno2/brno2/zbubster/diplomka/models/ESM/recent_noextrapol_weights_all_selected/SB/200/esm_fit_bivariate.rds
recent_noextrapol_weights_all_selected,Saxifraga blavii,SB,200,TPI,0.052100211369550016,5.210021136955001,0.052100211369550016,51,5,14,546,378,5,1,/auto/brno2/brno2/zbubster/diplomka/models/ESM/recent_noextrapol_weights_all_selected/SB/200/esm_fit_bivariate.rds
recent_noextrapol_weights_all_selected,Saxifraga blavii,SB,200,TWI,0.04633077498410487,4.633077498410487,0.04633077498410487,53,5,14,546,378,5,1,/auto/brno2/brno2/zbubster/diplomka/models/ESM/recent_noextrapol_weights_all_selected/SB/200/esm_fit_bivariate.rds
recent_noextrapol_weights_all_selected,Saxifraga blavii,SB,200,dem_range,0.045168028884209545,4.516802888420955,0.045168028884209545,41,5,14,546,378,5,1,/auto/brno2/brno2/zbubster/diplomka/models/ESM/recent_noextrapol_weights_all_selected/SB/200/esm_fit_bivariate.rds
recent_noextrapol_weights_all_selected,Saxifraga blavii,SB,200,HLI,0.04417682799549852,4.417682799549852,0.04417682799549852,47,5,14,546,378,5,1,/auto/brno2/brno2/zbubster/diplomka/models/ESM/recent_noextrapol_weights_all_selected/SB/200/esm_fit_bivariate.rds
recent_noextrapol_weights_all_selected,Saxifraga blavii,SB,200,northness,0.042317107986586805,4.23171079865868,0.042317107986586805,41,5,14,546,378,5,1,/auto/brno2/brno2/zbubster/diplomka/models/ESM/recent_noextrapol_weights_all_selected/SB/200/esm_fit_bivariate.rds
recent_noextrapol_weights_all_selected,Saxifraga blavii,SB,200,eastness,0.03329809885147316,3.329809885147316,0.03329809885147316,34,5,14,546,378,5,1,/auto/brno2/brno2/zbubster/diplomka/models/ESM/recent_noextrapol_weights_all_selected/SB/200/esm_fit_bivariate.rds
recent_noextrapol_weights_all_selected,Saxifraga blavii,SB,500,bio06,0.1380547577948595,13.80547577948595,0.1380547577948595,60,5,13,468,374,5,1,/auto/brno2/brno2/zbubster/diplomka/models/ESM/recent_noextrapol_weights_all_selected/SB/500/esm_fit_bivariate.rds
recent_noextrapol_weights_all_selected,Saxifraga blavii,SB,500,landcover,0.12227169709216905,12.227169709216906,0.12227169709216905,60,5,13,468,374,5,1,/auto/brno2/brno2/zbubster/diplomka/models/ESM/recent_noextrapol_weights_all_selected/SB/500/esm_fit_bivariate.rds
recent_noextrapol_weights_all_selected,Saxifraga blavii,SB,500,bio12,0.0993560030619793,9.93560030619793,0.0993560030619793,60,5,13,468,374,5,1,/auto/brno2/brno2/zbubster/diplomka/models/ESM/recent_noextrapol_weights_all_selected/SB/500/esm_fit_bivariate.rds
recent_noextrapol_weights_all_selected,Saxifraga blavii,SB,500,bio07,0.08445860885913044,8.445860885913044,0.08445860885913044,57,5,13,468,374,5,1,/auto/brno2/brno2/zbubster/diplomka/models/ESM/recent_noextrapol_weights_all_selected/SB/500/esm_fit_bivariate.rds
recent_noextrapol_weights_all_selected,Saxifraga blavii,SB,500,bio14,0.07594951822080673,7.594951822080673,0.07594951822080673,60,5,13,468,374,5,1,/auto/brno2/brno2/zbubster/diplomka/models/ESM/recent_noextrapol_weights_all_selected/SB/500/esm_fit_bivariate.rds
recent_noextrapol_weights_all_selected,Saxifraga blavii,SB,500,bedrock,0.07580261196535508,7.580261196535508,0.07580261196535508,60,5,13,468,374,5,1,/auto/brno2/brno2/zbubster/diplomka/models/ESM/recent_noextrapol_weights_all_selected/SB/500/esm_fit_bivariate.rds
recent_noextrapol_weights_all_selected,Saxifraga blavii,SB,500,dem_range,0.06328892853139817,6.328892853139817,0.06328892853139817,58,5,13,468,374,5,1,/auto/brno2/brno2/zbubster/diplomka/models/ESM/recent_noextrapol_weights_all_selected/SB/500/esm_fit_bivariate.rds
recent_noextrapol_weights_all_selected,Saxifraga blavii,SB,500,HLI,0.06277431021870572,6.277431021870572,0.06277431021870572,56,5,13,468,374,5,1,/auto/brno2/brno2/zbubster/diplomka/models/ESM/recent_noextrapol_weights_all_selected/SB/500/esm_fit_bivariate.rds
recent_noextrapol_weights_all_selected,Saxifraga blavii,SB,500,soil_water_cap,0.06273228828761208,6.273228828761209,0.06273228828761208,56,5,13,468,374,5,1,/auto/brno2/brno2/zbubster/diplomka/models/ESM/recent_noextrapol_weights_all_selected/SB/500/esm_fit_bivariate.rds
recent_noextrapol_weights_all_selected,Saxifraga blavii,SB,500,depth_to_bedrock,0.05636970885736598,5.6369708857365985,0.05636970885736598,57,5,13,468,374,5,1,/auto/brno2/brno2/zbubster/diplomka/models/ESM/recent_noextrapol_weights_all_selected/SB/500/esm_fit_bivariate.rds
recent_noextrapol_weights_all_selected,Saxifraga blavii,SB,500,northness,0.05512038056617439,5.512038056617439,0.05512038056617439,57,5,13,468,374,5,1,/auto/brno2/brno2/zbubster/diplomka/models/ESM/recent_noextrapol_weights_all_selected/SB/500/esm_fit_bivariate.rds
recent_noextrapol_weights_all_selected,Saxifraga blavii,SB,500,eastness,0.052579295874179706,5.257929587417971,0.052579295874179706,51,5,13,468,374,5,1,/auto/brno2/brno2/zbubster/diplomka/models/ESM/recent_noextrapol_weights_all_selected/SB/500/esm_fit_bivariate.rds
recent_noextrapol_weights_all_selected,Saxifraga blavii,SB,500,TWI,0.05124189067026394,5.124189067026394,0.05124189067026394,56,5,13,468,374,5,1,/auto/brno2/brno2/zbubster/diplomka/models/ESM/recent_noextrapol_weights_all_selected/SB/500/esm_fit_bivariate.rds
recent_noextrapol_weights_common,Gentiana dinarica,GD,100,landcover,0.1322312575101196,13.22312575101196,0.1322312575101196,45,5,10,270,223,5,1,/auto/brno2/brno2/zbubster/diplomka/models/ESM/recent_noextrapol_weights_common/GD/100/esm_fit_bivariate.rds
recent_noextrapol_weights_common,Gentiana dinarica,GD,100,bio06,0.1239089781836621,12.390897818366211,0.1239089781836621,45,5,10,270,223,5,1,/auto/brno2/brno2/zbubster/diplomka/models/ESM/recent_noextrapol_weights_common/GD/100/esm_fit_bivariate.rds
recent_noextrapol_weights_common,Gentiana dinarica,GD,100,bio14,0.12329898438297454,12.329898438297453,0.12329898438297454,45,5,10,270,223,5,1,/auto/brno2/brno2/zbubster/diplomka/models/ESM/recent_noextrapol_weights_common/GD/100/esm_fit_bivariate.rds
recent_noextrapol_weights_common,Gentiana dinarica,GD,100,depth_to_bedrock,0.1118065646220593,11.180656462205931,0.1118065646220593,45,5,10,270,223,5,1,/auto/brno2/brno2/zbubster/diplomka/models/ESM/recent_noextrapol_weights_common/GD/100/esm_fit_bivariate.rds
recent_noextrapol_weights_common,Gentiana dinarica,GD,100,bio12,0.11085173061649337,11.085173061649337,0.11085173061649337,45,5,10,270,223,5,1,/auto/brno2/brno2/zbubster/diplomka/models/ESM/recent_noextrapol_weights_common/GD/100/esm_fit_bivariate.rds
recent_noextrapol_weights_common,Gentiana dinarica,GD,100,bedrock,0.09999401498291095,9.999401498291096,0.09999401498291095,45,5,10,270,223,5,1,/auto/brno2/brno2/zbubster/diplomka/models/ESM/recent_noextrapol_weights_common/GD/100/esm_fit_bivariate.rds
recent_noextrapol_weights_common,Gentiana dinarica,GD,100,HLI,0.08357218738701194,8.357218738701194,0.08357218738701194,44,5,10,270,223,5,1,/auto/brno2/brno2/zbubster/diplomka/models/ESM/recent_noextrapol_weights_common/GD/100/esm_fit_bivariate.rds
recent_noextrapol_weights_common,Gentiana dinarica,GD,100,soil_water_cap,0.0755320761563381,7.55320761563381,0.0755320761563381,45,5,10,270,223,5,1,/auto/brno2/brno2/zbubster/diplomka/models/ESM/recent_noextrapol_weights_common/GD/100/esm_fit_bivariate.rds
recent_noextrapol_weights_common,Gentiana dinarica,GD,100,TWI,0.07404105974355976,7.404105974355976,0.07404105974355976,44,5,10,270,223,5,1,/auto/brno2/brno2/zbubster/diplomka/models/ESM/recent_noextrapol_weights_common/GD/100/esm_fit_bivariate.rds
recent_noextrapol_weights_common,Gentiana dinarica,GD,100,northness,0.0647631464148704,6.47631464148704,0.0647631464148704,43,5,10,270,223,5,1,/auto/brno2/brno2/zbubster/diplomka/models/ESM/recent_noextrapol_weights_common/GD/100/esm_fit_bivariate.rds
recent_noextrapol_weights_common,Gentiana dinarica,GD,1000,bio12,0.16076429594836975,16.076429594836974,0.16076429594836975,45,5,10,270,181,5,1,/auto/brno2/brno2/zbubster/diplomka/models/ESM/recent_noextrapol_weights_common/GD/1000/esm_fit_bivariate.rds
recent_noextrapol_weights_common,Gentiana dinarica,GD,1000,bio14,0.15657420953913,15.657420953913,0.15657420953913,45,5,10,270,181,5,1,/auto/brno2/brno2/zbubster/diplomka/models/ESM/recent_noextrapol_weights_common/GD/1000/esm_fit_bivariate.rds
recent_noextrapol_weights_common,Gentiana dinarica,GD,1000,bio06,0.14274454592103109,14.274454592103108,0.14274454592103109,45,5,10,270,181,5,1,/auto/brno2/brno2/zbubster/diplomka/models/ESM/recent_noextrapol_weights_common/GD/1000/esm_fit_bivariate.rds
recent_noextrapol_weights_common,Gentiana dinarica,GD,1000,depth_to_bedrock,0.13052389382274118,13.052389382274118,0.13052389382274118,44,5,10,270,181,5,1,/auto/brno2/brno2/zbubster/diplomka/models/ESM/recent_noextrapol_weights_common/GD/1000/esm_fit_bivariate.rds
recent_noextrapol_weights_common,Gentiana dinarica,GD,1000,soil_water_cap,0.09910432034803449,9.91043203480345,0.09910432034803449,45,5,10,270,181,5,1,/auto/brno2/brno2/zbubster/diplomka/models/ESM/recent_noextrapol_weights_common/GD/1000/esm_fit_bivariate.rds
recent_noextrapol_weights_common,Gentiana dinarica,GD,1000,bedrock,0.07518118549745949,7.518118549745949,0.07518118549745949,30,5,10,270,181,5,1,/auto/brno2/brno2/zbubster/diplomka/models/ESM/recent_noextrapol_weights_common/GD/1000/esm_fit_bivariate.rds
recent_noextrapol_weights_common,Gentiana dinarica,GD,1000,TWI,0.07060170584426069,7.060170584426069,0.07060170584426069,29,5,10,270,181,5,1,/auto/brno2/brno2/zbubster/diplomka/models/ESM/recent_noextrapol_weights_common/GD/1000/esm_fit_bivariate.rds
recent_noextrapol_weights_common,Gentiana dinarica,GD,1000,landcover,0.06783335237755782,6.783335237755781,0.06783335237755782,27,5,10,270,181,5,1,/auto/brno2/brno2/zbubster/diplomka/models/ESM/recent_noextrapol_weights_common/GD/1000/esm_fit_bivariate.rds
recent_noextrapol_weights_common,Gentiana dinarica,GD,1000,HLI,0.049603781503490964,4.960378150349096,0.049603781503490964,27,5,10,270,181,5,1,/auto/brno2/brno2/zbubster/diplomka/models/ESM/recent_noextrapol_weights_common/GD/1000/esm_fit_bivariate.rds
recent_noextrapol_weights_common,Gentiana dinarica,GD,1000,northness,0.04706870919792452,4.706870919792451,0.04706870919792452,25,5,10,270,181,5,1,/auto/brno2/brno2/zbubster/diplomka/models/ESM/recent_noextrapol_weights_common/GD/1000/esm_fit_bivariate.rds
recent_noextrapol_weights_common,Gentiana dinarica,GD,200,landcover,0.14026596153036477,14.026596153036477,0.14026596153036477,45,5,10,270,215,5,1,/auto/brno2/brno2/zbubster/diplomka/models/ESM/recent_noextrapol_weights_common/GD/200/esm_fit_bivariate.rds
recent_noextrapol_weights_common,Gentiana dinarica,GD,200,bio14,0.13896563017888017,13.896563017888017,0.13896563017888017,45,5,10,270,215,5,1,/auto/brno2/brno2/zbubster/diplomka/models/ESM/recent_noextrapol_weights_common/GD/200/esm_fit_bivariate.rds
recent_noextrapol_weights_common,Gentiana dinarica,GD,200,bio12,0.12111070258618944,12.111070258618945,0.12111070258618944,45,5,10,270,215,5,1,/auto/brno2/brno2/zbubster/diplomka/models/ESM/recent_noextrapol_weights_common/GD/200/esm_fit_bivariate.rds
recent_noextrapol_weights_common,Gentiana dinarica,GD,200,bio06,0.11774133492004954,11.774133492004953,0.11774133492004954,45,5,10,270,215,5,1,/auto/brno2/brno2/zbubster/diplomka/models/ESM/recent_noextrapol_weights_common/GD/200/esm_fit_bivariate.rds
recent_noextrapol_weights_common,Gentiana dinarica,GD,200,depth_to_bedrock,0.10629614813724676,10.629614813724677,0.10629614813724676,44,5,10,270,215,5,1,/auto/brno2/brno2/zbubster/diplomka/models/ESM/recent_noextrapol_weights_common/GD/200/esm_fit_bivariate.rds
recent_noextrapol_weights_common,Gentiana dinarica,GD,200,soil_water_cap,0.09609417555222359,9.60941755522236,0.09609417555222359,45,5,10,270,215,5,1,/auto/brno2/brno2/zbubster/diplomka/models/ESM/recent_noextrapol_weights_common/GD/200/esm_fit_bivariate.rds
recent_noextrapol_weights_common,Gentiana dinarica,GD,200,HLI,0.08139396064839348,8.139396064839348,0.08139396064839348,42,5,10,270,215,5,1,/auto/brno2/brno2/zbubster/diplomka/models/ESM/recent_noextrapol_weights_common/GD/200/esm_fit_bivariate.rds
recent_noextrapol_weights_common,Gentiana dinarica,GD,200,bedrock,0.07758917586247921,7.758917586247921,0.07758917586247921,41,5,10,270,215,5,1,/auto/brno2/brno2/zbubster/diplomka/models/ESM/recent_noextrapol_weights_common/GD/200/esm_fit_bivariate.rds
recent_noextrapol_weights_common,Gentiana dinarica,GD,200,TWI,0.06669379539515864,6.669379539515864,0.06669379539515864,40,5,10,270,215,5,1,/auto/brno2/brno2/zbubster/diplomka/models/ESM/recent_noextrapol_weights_common/GD/200/esm_fit_bivariate.rds
recent_noextrapol_weights_common,Gentiana dinarica,GD,200,northness,0.05384911518901442,5.384911518901442,0.05384911518901442,38,5,10,270,215,5,1,/auto/brno2/brno2/zbubster/diplomka/models/ESM/recent_noextrapol_weights_common/GD/200/esm_fit_bivariate.rds
recent_noextrapol_weights_common,Gentiana dinarica,GD,500,bio14,0.13256936180768958,13.256936180768959,0.13256936180768958,45,5,10,270,225,5,1,/auto/brno2/brno2/zbubster/diplomka/models/ESM/recent_noextrapol_weights_common/GD/500/esm_fit_bivariate.rds
recent_noextrapol_weights_common,Gentiana dinarica,GD,500,bio12,0.118296665238846,11.8296665238846,0.118296665238846,45,5,10,270,225,5,1,/auto/brno2/brno2/zbubster/diplomka/models/ESM/recent_noextrapol_weights_common/GD/500/esm_fit_bivariate.rds
recent_noextrapol_weights_common,Gentiana dinarica,GD,500,bio06,0.11621757461762679,11.621757461762678,0.11621757461762679,45,5,10,270,225,5,1,/auto/brno2/brno2/zbubster/diplomka/models/ESM/recent_noextrapol_weights_common/GD/500/esm_fit_bivariate.rds
recent_noextrapol_weights_common,Gentiana dinarica,GD,500,TWI,0.10359383717579268,10.359383717579268,0.10359383717579268,45,5,10,270,225,5,1,/auto/brno2/brno2/zbubster/diplomka/models/ESM/recent_noextrapol_weights_common/GD/500/esm_fit_bivariate.rds
recent_noextrapol_weights_common,Gentiana dinarica,GD,500,depth_to_bedrock,0.0961961641200916,9.61961641200916,0.0961961641200916,45,5,10,270,225,5,1,/auto/brno2/brno2/zbubster/diplomka/models/ESM/recent_noextrapol_weights_common/GD/500/esm_fit_bivariate.rds
recent_noextrapol_weights_common,Gentiana dinarica,GD,500,landcover,0.09391478729075539,9.391478729075539,0.09391478729075539,45,5,10,270,225,5,1,/auto/brno2/brno2/zbubster/diplomka/models/ESM/recent_noextrapol_weights_common/GD/500/esm_fit_bivariate.rds
recent_noextrapol_weights_common,Gentiana dinarica,GD,500,soil_water_cap,0.08770831601845594,8.770831601845593,0.08770831601845594,45,5,10,270,225,5,1,/auto/brno2/brno2/zbubster/diplomka/models/ESM/recent_noextrapol_weights_common/GD/500/esm_fit_bivariate.rds
recent_noextrapol_weights_common,Gentiana dinarica,GD,500,bedrock,0.08691738388216992,8.691738388216992,0.08691738388216992,45,5,10,270,225,5,1,/auto/brno2/brno2/zbubster/diplomka/models/ESM/recent_noextrapol_weights_common/GD/500/esm_fit_bivariate.rds
recent_noextrapol_weights_common,Gentiana dinarica,GD,500,HLI,0.08626258039999825,8.626258039999826,0.08626258039999825,45,5,10,270,225,5,1,/auto/brno2/brno2/zbubster/diplomka/models/ESM/recent_noextrapol_weights_common/GD/500/esm_fit_bivariate.rds
recent_noextrapol_weights_common,Gentiana dinarica,GD,500,northness,0.07832332944857381,7.832332944857382,0.07832332944857381,45,5,10,270,225,5,1,/auto/brno2/brno2/zbubster/diplomka/models/ESM/recent_noextrapol_weights_common/GD/500/esm_fit_bivariate.rds
recent_noextrapol_weights_common,Gentiana tergestina,GT,100,bio14,0.13793510733070963,13.793510733070963,0.13793510733070963,50,5,11,330,259,5,1,/auto/brno2/brno2/zbubster/diplomka/models/ESM/recent_noextrapol_weights_common/GT/100/esm_fit_bivariate.rds
recent_noextrapol_weights_common,Gentiana tergestina,GT,100,landcover,0.13281857787489282,13.281857787489281,0.13281857787489282,50,5,11,330,259,5,1,/auto/brno2/brno2/zbubster/diplomka/models/ESM/recent_noextrapol_weights_common/GT/100/esm_fit_bivariate.rds
recent_noextrapol_weights_common,Gentiana tergestina,GT,100,bedrock,0.11876195897803478,11.876195897803479,0.11876195897803478,50,5,11,330,259,5,1,/auto/brno2/brno2/zbubster/diplomka/models/ESM/recent_noextrapol_weights_common/GT/100/esm_fit_bivariate.rds
recent_noextrapol_weights_common,Gentiana tergestina,GT,100,bio12,0.10316402883789433,10.316402883789433,0.10316402883789433,49,5,11,330,259,5,1,/auto/brno2/brno2/zbubster/diplomka/models/ESM/recent_noextrapol_weights_common/GT/100/esm_fit_bivariate.rds
recent_noextrapol_weights_common,Gentiana tergestina,GT,100,bio06,0.09629640506932743,9.629640506932743,0.09629640506932743,50,5,11,330,259,5,1,/auto/brno2/brno2/zbubster/diplomka/models/ESM/recent_noextrapol_weights_common/GT/100/esm_fit_bivariate.rds
recent_noextrapol_weights_common,Gentiana tergestina,GT,100,soil_water_cap,0.08533050844698897,8.533050844698897,0.08533050844698897,46,5,11,330,259,5,1,/auto/brno2/brno2/zbubster/diplomka/models/ESM/recent_noextrapol_weights_common/GT/100/esm_fit_bivariate.rds
recent_noextrapol_weights_common,Gentiana tergestina,GT,100,northness,0.08208278907807318,8.208278907807317,0.08208278907807318,47,5,11,330,259,5,1,/auto/brno2/brno2/zbubster/diplomka/models/ESM/recent_noextrapol_weights_common/GT/100/esm_fit_bivariate.rds
recent_noextrapol_weights_common,Gentiana tergestina,GT,100,TWI,0.06448605775627522,6.448605775627522,0.06448605775627522,45,5,11,330,259,5,1,/auto/brno2/brno2/zbubster/diplomka/models/ESM/recent_noextrapol_weights_common/GT/100/esm_fit_bivariate.rds
recent_noextrapol_weights_common,Gentiana tergestina,GT,100,dem_range,0.06254065538745712,6.254065538745712,0.06254065538745712,45,5,11,330,259,5,1,/auto/brno2/brno2/zbubster/diplomka/models/ESM/recent_noextrapol_weights_common/GT/100/esm_fit_bivariate.rds
recent_noextrapol_weights_common,Gentiana tergestina,GT,100,HLI,0.062325896347234816,6.232589634723482,0.062325896347234816,45,5,11,330,259,5,1,/auto/brno2/brno2/zbubster/diplomka/models/ESM/recent_noextrapol_weights_common/GT/100/esm_fit_bivariate.rds
recent_noextrapol_weights_common,Gentiana tergestina,GT,100,eastness,0.0542580148931117,5.42580148931117,0.0542580148931117,41,5,11,330,259,5,1,/auto/brno2/brno2/zbubster/diplomka/models/ESM/recent_noextrapol_weights_common/GT/100/esm_fit_bivariate.rds
recent_noextrapol_weights_common,Gentiana tergestina,GT,1000,bio12,0.1324122636520614,13.24122636520614,0.13241226365206138,50,5,11,330,254,5,0.9999999999999999,/auto/brno2/brno2/zbubster/diplomka/models/ESM/recent_noextrapol_weights_common/GT/1000/esm_fit_bivariate.rds
recent_noextrapol_weights_common,Gentiana tergestina,GT,1000,bio14,0.1288792749422431,12.88792749422431,0.12887927494224308,50,5,11,330,254,5,0.9999999999999999,/auto/brno2/brno2/zbubster/diplomka/models/ESM/recent_noextrapol_weights_common/GT/1000/esm_fit_bivariate.rds
recent_noextrapol_weights_common,Gentiana tergestina,GT,1000,northness,0.0984526691673915,9.845266916739149,0.09845266916739148,47,5,11,330,254,5,0.9999999999999999,/auto/brno2/brno2/zbubster/diplomka/models/ESM/recent_noextrapol_weights_common/GT/1000/esm_fit_bivariate.rds
recent_noextrapol_weights_common,Gentiana tergestina,GT,1000,soil_water_cap,0.09615557314731225,9.615557314731225,0.09615557314731224,50,5,11,330,254,5,0.9999999999999999,/auto/brno2/brno2/zbubster/diplomka/models/ESM/recent_noextrapol_weights_common/GT/1000/esm_fit_bivariate.rds
recent_noextrapol_weights_common,Gentiana tergestina,GT,1000,bedrock,0.09184803574379598,9.184803574379599,0.09184803574379596,48,5,11,330,254,5,0.9999999999999999,/auto/brno2/brno2/zbubster/diplomka/models/ESM/recent_noextrapol_weights_common/GT/1000/esm_fit_bivariate.rds
recent_noextrapol_weights_common,Gentiana tergestina,GT,1000,dem_range,0.08778558519376045,8.778558519376045,0.08778558519376044,44,5,11,330,254,5,0.9999999999999999,/auto/brno2/brno2/zbubster/diplomka/models/ESM/recent_noextrapol_weights_common/GT/1000/esm_fit_bivariate.rds
recent_noextrapol_weights_common,Gentiana tergestina,GT,1000,HLI,0.08457426090627772,8.457426090627772,0.0845742609062777,48,5,11,330,254,5,0.9999999999999999,/auto/brno2/brno2/zbubster/diplomka/models/ESM/recent_noextrapol_weights_common/GT/1000/esm_fit_bivariate.rds
recent_noextrapol_weights_common,Gentiana tergestina,GT,1000,bio06,0.08425642923024347,8.425642923024347,0.08425642923024346,48,5,11,330,254,5,0.9999999999999999,/auto/brno2/brno2/zbubster/diplomka/models/ESM/recent_noextrapol_weights_common/GT/1000/esm_fit_bivariate.rds
recent_noextrapol_weights_common,Gentiana tergestina,GT,1000,TWI,0.08319903850243515,8.319903850243515,0.08319903850243514,45,5,11,330,254,5,0.9999999999999999,/auto/brno2/brno2/zbubster/diplomka/models/ESM/recent_noextrapol_weights_common/GT/1000/esm_fit_bivariate.rds
recent_noextrapol_weights_common,Gentiana tergestina,GT,1000,landcover,0.059423827859859224,5.942382785985922,0.05942382785985922,38,5,11,330,254,5,0.9999999999999999,/auto/brno2/brno2/zbubster/diplomka/models/ESM/recent_noextrapol_weights_common/GT/1000/esm_fit_bivariate.rds
recent_noextrapol_weights_common,Gentiana tergestina,GT,1000,eastness,0.053013041654619814,5.301304165461981,0.05301304165461981,40,5,11,330,254,5,0.9999999999999999,/auto/brno2/brno2/zbubster/diplomka/models/ESM/recent_noextrapol_weights_common/GT/1000/esm_fit_bivariate.rds
recent_noextrapol_weights_common,Gentiana tergestina,GT,200,bio14,0.13482596314482892,13.482596314482892,0.13482596314482892,50,5,11,330,269,5,1,/auto/brno2/brno2/zbubster/diplomka/models/ESM/recent_noextrapol_weights_common/GT/200/esm_fit_bivariate.rds
recent_noextrapol_weights_common,Gentiana tergestina,GT,200,landcover,0.12257646230943735,12.257646230943735,0.12257646230943735,50,5,11,330,269,5,1,/auto/brno2/brno2/zbubster/diplomka/models/ESM/recent_noextrapol_weights_common/GT/200/esm_fit_bivariate.rds
recent_noextrapol_weights_common,Gentiana tergestina,GT,200,bio12,0.11456957137146037,11.456957137146038,0.11456957137146037,50,5,11,330,269,5,1,/auto/brno2/brno2/zbubster/diplomka/models/ESM/recent_noextrapol_weights_common/GT/200/esm_fit_bivariate.rds
recent_noextrapol_weights_common,Gentiana tergestina,GT,200,bedrock,0.10206015715505612,10.206015715505611,0.10206015715505612,50,5,11,330,269,5,1,/auto/brno2/brno2/zbubster/diplomka/models/ESM/recent_noextrapol_weights_common/GT/200/esm_fit_bivariate.rds
recent_noextrapol_weights_common,Gentiana tergestina,GT,200,bio06,0.09656864483857057,9.656864483857056,0.09656864483857057,50,5,11,330,269,5,1,/auto/brno2/brno2/zbubster/diplomka/models/ESM/recent_noextrapol_weights_common/GT/200/esm_fit_bivariate.rds
recent_noextrapol_weights_common,Gentiana tergestina,GT,200,soil_water_cap,0.07986244305577435,7.986244305577435,0.07986244305577435,49,5,11,330,269,5,1,/auto/brno2/brno2/zbubster/diplomka/models/ESM/recent_noextrapol_weights_common/GT/200/esm_fit_bivariate.rds
recent_noextrapol_weights_common,Gentiana tergestina,GT,200,HLI,0.0785450310607527,7.85450310607527,0.0785450310607527,50,5,11,330,269,5,1,/auto/brno2/brno2/zbubster/diplomka/models/ESM/recent_noextrapol_weights_common/GT/200/esm_fit_bivariate.rds
recent_noextrapol_weights_common,Gentiana tergestina,GT,200,TWI,0.07649312572889581,7.649312572889581,0.07649312572889581,50,5,11,330,269,5,1,/auto/brno2/brno2/zbubster/diplomka/models/ESM/recent_noextrapol_weights_common/GT/200/esm_fit_bivariate.rds
recent_noextrapol_weights_common,Gentiana tergestina,GT,200,northness,0.07473687867785299,7.473687867785299,0.07473687867785299,49,5,11,330,269,5,1,/auto/brno2/brno2/zbubster/diplomka/models/ESM/recent_noextrapol_weights_common/GT/200/esm_fit_bivariate.rds
recent_noextrapol_weights_common,Gentiana tergestina,GT,200,dem_range,0.062198646832322825,6.219864683232283,0.062198646832322825,46,5,11,330,269,5,1,/auto/brno2/brno2/zbubster/diplomka/models/ESM/recent_noextrapol_weights_common/GT/200/esm_fit_bivariate.rds
recent_noextrapol_weights_common,Gentiana tergestina,GT,200,eastness,0.05756307582504805,5.756307582504805,0.05756307582504805,44,5,11,330,269,5,1,/auto/brno2/brno2/zbubster/diplomka/models/ESM/recent_noextrapol_weights_common/GT/200/esm_fit_bivariate.rds
recent_noextrapol_weights_common,Gentiana tergestina,GT,500,landcover,0.15071833630145523,15.071833630145523,0.15071833630145523,50,5,11,330,247,5,1,/auto/brno2/brno2/zbubster/diplomka/models/ESM/recent_noextrapol_weights_common/GT/500/esm_fit_bivariate.rds
recent_noextrapol_weights_common,Gentiana tergestina,GT,500,bio12,0.1372102240592359,13.721022405923591,0.1372102240592359,50,5,11,330,247,5,1,/auto/brno2/brno2/zbubster/diplomka/models/ESM/recent_noextrapol_weights_common/GT/500/esm_fit_bivariate.rds
recent_noextrapol_weights_common,Gentiana tergestina,GT,500,northness,0.10468032335143859,10.468032335143858,0.10468032335143859,50,5,11,330,247,5,1,/auto/brno2/brno2/zbubster/diplomka/models/ESM/recent_noextrapol_weights_common/GT/500/esm_fit_bivariate.rds
recent_noextrapol_weights_common,Gentiana tergestina,GT,500,bedrock,0.1010032947962575,10.10032947962575,0.1010032947962575,48,5,11,330,247,5,1,/auto/brno2/brno2/zbubster/diplomka/models/ESM/recent_noextrapol_weights_common/GT/500/esm_fit_bivariate.rds
recent_noextrapol_weights_common,Gentiana tergestina,GT,500,bio14,0.0982076928348178,9.82076928348178,0.0982076928348178,47,5,11,330,247,5,1,/auto/brno2/brno2/zbubster/diplomka/models/ESM/recent_noextrapol_weights_common/GT/500/esm_fit_bivariate.rds
recent_noextrapol_weights_common,Gentiana tergestina,GT,500,soil_water_cap,0.09124521426211517,9.124521426211517,0.09124521426211517,47,5,11,330,247,5,1,/auto/brno2/brno2/zbubster/diplomka/models/ESM/recent_noextrapol_weights_common/GT/500/esm_fit_bivariate.rds
recent_noextrapol_weights_common,Gentiana tergestina,GT,500,bio06,0.07215922561940812,7.215922561940811,0.07215922561940812,45,5,11,330,247,5,1,/auto/brno2/brno2/zbubster/diplomka/models/ESM/recent_noextrapol_weights_common/GT/500/esm_fit_bivariate.rds
recent_noextrapol_weights_common,Gentiana tergestina,GT,500,TWI,0.06954991885189928,6.954991885189927,0.06954991885189928,43,5,11,330,247,5,1,/auto/brno2/brno2/zbubster/diplomka/models/ESM/recent_noextrapol_weights_common/GT/500/esm_fit_bivariate.rds
recent_noextrapol_weights_common,Gentiana tergestina,GT,500,HLI,0.0641704201676956,6.41704201676956,0.0641704201676956,41,5,11,330,247,5,1,/auto/brno2/brno2/zbubster/diplomka/models/ESM/recent_noextrapol_weights_common/GT/500/esm_fit_bivariate.rds
recent_noextrapol_weights_common,Gentiana tergestina,GT,500,eastness,0.06282367913973276,6.282367913973276,0.06282367913973276,43,5,11,330,247,5,1,/auto/brno2/brno2/zbubster/diplomka/models/ESM/recent_noextrapol_weights_common/GT/500/esm_fit_bivariate.rds
recent_noextrapol_weights_common,Gentiana tergestina,GT,500,dem_range,0.04823167061594404,4.823167061594404,0.04823167061594404,30,5,11,330,247,5,1,/auto/brno2/brno2/zbubster/diplomka/models/ESM/recent_noextrapol_weights_common/GT/500/esm_fit_bivariate.rds
recent_noextrapol_weights_common,Primula kitaibeliana,PK,100,bio06,0.15708132604038325,15.708132604038324,0.15708132604038325,50,5,11,330,253,5,1,/auto/brno2/brno2/zbubster/diplomka/models/ESM/recent_noextrapol_weights_common/PK/100/esm_fit_bivariate.rds
recent_noextrapol_weights_common,Primula kitaibeliana,PK,100,bio14,0.1443866655731819,14.43866655731819,0.1443866655731819,50,5,11,330,253,5,1,/auto/brno2/brno2/zbubster/diplomka/models/ESM/recent_noextrapol_weights_common/PK/100/esm_fit_bivariate.rds
recent_noextrapol_weights_common,Primula kitaibeliana,PK,100,bio12,0.13294546834274498,13.294546834274499,0.13294546834274498,50,5,11,330,253,5,1,/auto/brno2/brno2/zbubster/diplomka/models/ESM/recent_noextrapol_weights_common/PK/100/esm_fit_bivariate.rds
recent_noextrapol_weights_common,Primula kitaibeliana,PK,100,depth_to_bedrock,0.10589396775606404,10.589396775606403,0.10589396775606404,50,5,11,330,253,5,1,/auto/brno2/brno2/zbubster/diplomka/models/ESM/recent_noextrapol_weights_common/PK/100/esm_fit_bivariate.rds
recent_noextrapol_weights_common,Primula kitaibeliana,PK,100,landcover,0.0830640887324779,8.30640887324779,0.0830640887324779,49,5,11,330,253,5,1,/auto/brno2/brno2/zbubster/diplomka/models/ESM/recent_noextrapol_weights_common/PK/100/esm_fit_bivariate.rds
recent_noextrapol_weights_common,Primula kitaibeliana,PK,100,soil_water_cap,0.07377148389580201,7.377148389580201,0.07377148389580201,46,5,11,330,253,5,1,/auto/brno2/brno2/zbubster/diplomka/models/ESM/recent_noextrapol_weights_common/PK/100/esm_fit_bivariate.rds
recent_noextrapol_weights_common,Primula kitaibeliana,PK,100,TWI,0.06591331853101971,6.591331853101972,0.06591331853101971,46,5,11,330,253,5,1,/auto/brno2/brno2/zbubster/diplomka/models/ESM/recent_noextrapol_weights_common/PK/100/esm_fit_bivariate.rds
recent_noextrapol_weights_common,Primula kitaibeliana,PK,100,dem_range,0.06546807001020982,6.546807001020982,0.06546807001020982,46,5,11,330,253,5,1,/auto/brno2/brno2/zbubster/diplomka/models/ESM/recent_noextrapol_weights_common/PK/100/esm_fit_bivariate.rds
recent_noextrapol_weights_common,Primula kitaibeliana,PK,100,northness,0.0577154732633018,5.77154732633018,0.0577154732633018,40,5,11,330,253,5,1,/auto/brno2/brno2/zbubster/diplomka/models/ESM/recent_noextrapol_weights_common/PK/100/esm_fit_bivariate.rds
recent_noextrapol_weights_common,Primula kitaibeliana,PK,100,eastness,0.057094184201013164,5.709418420101317,0.057094184201013164,38,5,11,330,253,5,1,/auto/brno2/brno2/zbubster/diplomka/models/ESM/recent_noextrapol_weights_common/PK/100/esm_fit_bivariate.rds
recent_noextrapol_weights_common,Primula kitaibeliana,PK,100,HLI,0.05666595365380152,5.666595365380152,0.05666595365380152,41,5,11,330,253,5,1,/auto/brno2/brno2/zbubster/diplomka/models/ESM/recent_noextrapol_weights_common/PK/100/esm_fit_bivariate.rds
recent_noextrapol_weights_common,Primula kitaibeliana,PK,1000,bio06,0.14686307675515384,14.686307675515383,0.14686307675515384,50,5,11,330,262,5,1,/auto/brno2/brno2/zbubster/diplomka/models/ESM/recent_noextrapol_weights_common/PK/1000/esm_fit_bivariate.rds
recent_noextrapol_weights_common,Primula kitaibeliana,PK,1000,bio14,0.11330077330128051,11.33007733012805,0.11330077330128051,50,5,11,330,262,5,1,/auto/brno2/brno2/zbubster/diplomka/models/ESM/recent_noextrapol_weights_common/PK/1000/esm_fit_bivariate.rds
recent_noextrapol_weights_common,Primula kitaibeliana,PK,1000,bio12,0.10361606750601329,10.361606750601329,0.10361606750601329,44,5,11,330,262,5,1,/auto/brno2/brno2/zbubster/diplomka/models/ESM/recent_noextrapol_weights_common/PK/1000/esm_fit_bivariate.rds
recent_noextrapol_weights_common,Primula kitaibeliana,PK,1000,landcover,0.09901102364421001,9.901102364421002,0.09901102364421001,48,5,11,330,262,5,1,/auto/brno2/brno2/zbubster/diplomka/models/ESM/recent_noextrapol_weights_common/PK/1000/esm_fit_bivariate.rds
recent_noextrapol_weights_common,Primula kitaibeliana,PK,1000,depth_to_bedrock,0.08863139682217175,8.863139682217176,0.08863139682217175,49,5,11,330,262,5,1,/auto/brno2/brno2/zbubster/diplomka/models/ESM/recent_noextrapol_weights_common/PK/1000/esm_fit_bivariate.rds
recent_noextrapol_weights_common,Primula kitaibeliana,PK,1000,dem_range,0.08607734815068431,8.607734815068431,0.08607734815068431,48,5,11,330,262,5,1,/auto/brno2/brno2/zbubster/diplomka/models/ESM/recent_noextrapol_weights_common/PK/1000/esm_fit_bivariate.rds
recent_noextrapol_weights_common,Primula kitaibeliana,PK,1000,HLI,0.08171926379214299,8.171926379214298,0.08171926379214299,48,5,11,330,262,5,1,/auto/brno2/brno2/zbubster/diplomka/models/ESM/recent_noextrapol_weights_common/PK/1000/esm_fit_bivariate.rds
recent_noextrapol_weights_common,Primula kitaibeliana,PK,1000,TWI,0.07688199128299342,7.688199128299342,0.07688199128299342,48,5,11,330,262,5,1,/auto/brno2/brno2/zbubster/diplomka/models/ESM/recent_noextrapol_weights_common/PK/1000/esm_fit_bivariate.rds
recent_noextrapol_weights_common,Primula kitaibeliana,PK,1000,soil_water_cap,0.07413214830083105,7.413214830083105,0.07413214830083105,48,5,11,330,262,5,1,/auto/brno2/brno2/zbubster/diplomka/models/ESM/recent_noextrapol_weights_common/PK/1000/esm_fit_bivariate.rds
recent_noextrapol_weights_common,Primula kitaibeliana,PK,1000,northness,0.07231156668139617,7.231156668139617,0.07231156668139617,48,5,11,330,262,5,1,/auto/brno2/brno2/zbubster/diplomka/models/ESM/recent_noextrapol_weights_common/PK/1000/esm_fit_bivariate.rds
recent_noextrapol_weights_common,Primula kitaibeliana,PK,1000,eastness,0.05745534376312265,5.745534376312265,0.05745534376312265,43,5,11,330,262,5,1,/auto/brno2/brno2/zbubster/diplomka/models/ESM/recent_noextrapol_weights_common/PK/1000/esm_fit_bivariate.rds
recent_noextrapol_weights_common,Primula kitaibeliana,PK,200,bio14,0.1510780461733236,15.10780461733236,0.1510780461733236,50,5,11,330,248,5,1,/auto/brno2/brno2/zbubster/diplomka/models/ESM/recent_noextrapol_weights_common/PK/200/esm_fit_bivariate.rds
recent_noextrapol_weights_common,Primula kitaibeliana,PK,200,bio12,0.1370122747028206,13.70122747028206,0.1370122747028206,50,5,11,330,248,5,1,/auto/brno2/brno2/zbubster/diplomka/models/ESM/recent_noextrapol_weights_common/PK/200/esm_fit_bivariate.rds
recent_noextrapol_weights_common,Primula kitaibeliana,PK,200,bio06,0.13558500964162343,13.558500964162343,0.13558500964162343,50,5,11,330,248,5,1,/auto/brno2/brno2/zbubster/diplomka/models/ESM/recent_noextrapol_weights_common/PK/200/esm_fit_bivariate.rds
recent_noextrapol_weights_common,Primula kitaibeliana,PK,200,depth_to_bedrock,0.11919613664901556,11.919613664901556,0.11919613664901556,50,5,11,330,248,5,1,/auto/brno2/brno2/zbubster/diplomka/models/ESM/recent_noextrapol_weights_common/PK/200/esm_fit_bivariate.rds
recent_noextrapol_weights_common,Primula kitaibeliana,PK,200,landcover,0.08401785238612121,8.40178523861212,0.08401785238612121,50,5,11,330,248,5,1,/auto/brno2/brno2/zbubster/diplomka/models/ESM/recent_noextrapol_weights_common/PK/200/esm_fit_bivariate.rds
recent_noextrapol_weights_common,Primula kitaibeliana,PK,200,dem_range,0.07141661298558528,7.141661298558528,0.07141661298558528,47,5,11,330,248,5,1,/auto/brno2/brno2/zbubster/diplomka/models/ESM/recent_noextrapol_weights_common/PK/200/esm_fit_bivariate.rds
recent_noextrapol_weights_common,Primula kitaibeliana,PK,200,soil_water_cap,0.0668842144636316,6.688421446363161,0.0668842144636316,44,5,11,330,248,5,1,/auto/brno2/brno2/zbubster/diplomka/models/ESM/recent_noextrapol_weights_common/PK/200/esm_fit_bivariate.rds
recent_noextrapol_weights_common,Primula kitaibeliana,PK,200,TWI,0.06469361524395485,6.469361524395485,0.06469361524395485,42,5,11,330,248,5,1,/auto/brno2/brno2/zbubster/diplomka/models/ESM/recent_noextrapol_weights_common/PK/200/esm_fit_bivariate.rds
recent_noextrapol_weights_common,Primula kitaibeliana,PK,200,HLI,0.05996590883655298,5.996590883655298,0.05996590883655298,42,5,11,330,248,5,1,/auto/brno2/brno2/zbubster/diplomka/models/ESM/recent_noextrapol_weights_common/PK/200/esm_fit_bivariate.rds
recent_noextrapol_weights_common,Primula kitaibeliana,PK,200,northness,0.05905483609978711,5.9054836099787105,0.05905483609978711,38,5,11,330,248,5,1,/auto/brno2/brno2/zbubster/diplomka/models/ESM/recent_noextrapol_weights_common/PK/200/esm_fit_bivariate.rds
recent_noextrapol_weights_common,Primula kitaibeliana,PK,200,eastness,0.05109549281758379,5.109549281758379,0.05109549281758379,33,5,11,330,248,5,1,/auto/brno2/brno2/zbubster/diplomka/models/ESM/recent_noextrapol_weights_common/PK/200/esm_fit_bivariate.rds
recent_noextrapol_weights_common,Primula kitaibeliana,PK,500,bio06,0.159339361458771,15.9339361458771,0.15933936145877098,50,5,11,330,260,5,1,/auto/brno2/brno2/zbubster/diplomka/models/ESM/recent_noextrapol_weights_common/PK/500/esm_fit_bivariate.rds
recent_noextrapol_weights_common,Primula kitaibeliana,PK,500,bio12,0.1251313182933092,12.51313182933092,0.12513131829330917,44,5,11,330,260,5,1,/auto/brno2/brno2/zbubster/diplomka/models/ESM/recent_noextrapol_weights_common/PK/500/esm_fit_bivariate.rds
recent_noextrapol_weights_common,Primula kitaibeliana,PK,500,landcover,0.10856004654861952,10.856004654861952,0.1085600465486195,50,5,11,330,260,5,1,/auto/brno2/brno2/zbubster/diplomka/models/ESM/recent_noextrapol_weights_common/PK/500/esm_fit_bivariate.rds
recent_noextrapol_weights_common,Primula kitaibeliana,PK,500,bio14,0.10433060439623255,10.433060439623256,0.10433060439623254,50,5,11,330,260,5,1,/auto/brno2/brno2/zbubster/diplomka/models/ESM/recent_noextrapol_weights_common/PK/500/esm_fit_bivariate.rds
recent_noextrapol_weights_common,Primula kitaibeliana,PK,500,TWI,0.08059069408203658,8.059069408203658,0.08059069408203656,48,5,11,330,260,5,1,/auto/brno2/brno2/zbubster/diplomka/models/ESM/recent_noextrapol_weights_common/PK/500/esm_fit_bivariate.rds
recent_noextrapol_weights_common,Primula kitaibeliana,PK,500,soil_water_cap,0.07480484996056425,7.480484996056425,0.07480484996056423,47,5,11,330,260,5,1,/auto/brno2/brno2/zbubster/diplomka/models/ESM/recent_noextrapol_weights_common/PK/500/esm_fit_bivariate.rds
recent_noextrapol_weights_common,Primula kitaibeliana,PK,500,eastness,0.07354585139266563,7.354585139266563,0.07354585139266562,48,5,11,330,260,5,1,/auto/brno2/brno2/zbubster/diplomka/models/ESM/recent_noextrapol_weights_common/PK/500/esm_fit_bivariate.rds
recent_noextrapol_weights_common,Primula kitaibeliana,PK,500,depth_to_bedrock,0.07227742199381608,7.227742199381608,0.07227742199381607,46,5,11,330,260,5,1,/auto/brno2/brno2/zbubster/diplomka/models/ESM/recent_noextrapol_weights_common/PK/500/esm_fit_bivariate.rds
recent_noextrapol_weights_common,Primula kitaibeliana,PK,500,dem_range,0.07047191634305418,7.047191634305418,0.07047191634305416,48,5,11,330,260,5,1,/auto/brno2/brno2/zbubster/diplomka/models/ESM/recent_noextrapol_weights_common/PK/500/esm_fit_bivariate.rds
recent_noextrapol_weights_common,Primula kitaibeliana,PK,500,HLI,0.06583463057641498,6.583463057641498,0.06583463057641496,44,5,11,330,260,5,1,/auto/brno2/brno2/zbubster/diplomka/models/ESM/recent_noextrapol_weights_common/PK/500/esm_fit_bivariate.rds
recent_noextrapol_weights_common,Primula kitaibeliana,PK,500,northness,0.06511330495451614,6.511330495451614,0.06511330495451613,45,5,11,330,260,5,1,/auto/brno2/brno2/zbubster/diplomka/models/ESM/recent_noextrapol_weights_common/PK/500/esm_fit_bivariate.rds
recent_noextrapol_weights_common,Phyteuma orbiculare,PO,100,bio06,0.15936191686345766,15.936191686345765,0.15936191686345766,45,5,10,270,212,5,1,/auto/brno2/brno2/zbubster/diplomka/models/ESM/recent_noextrapol_weights_common/PO/100/esm_fit_bivariate.rds
recent_noextrapol_weights_common,Phyteuma orbiculare,PO,100,bio12,0.14565817694178126,14.565817694178126,0.14565817694178126,45,5,10,270,212,5,1,/auto/brno2/brno2/zbubster/diplomka/models/ESM/recent_noextrapol_weights_common/PO/100/esm_fit_bivariate.rds
recent_noextrapol_weights_common,Phyteuma orbiculare,PO,100,landcover,0.1160835471225921,11.60835471225921,0.1160835471225921,45,5,10,270,212,5,1,/auto/brno2/brno2/zbubster/diplomka/models/ESM/recent_noextrapol_weights_common/PO/100/esm_fit_bivariate.rds
recent_noextrapol_weights_common,Phyteuma orbiculare,PO,100,TWI,0.1156563177779551,11.56563177779551,0.1156563177779551,45,5,10,270,212,5,1,/auto/brno2/brno2/zbubster/diplomka/models/ESM/recent_noextrapol_weights_common/PO/100/esm_fit_bivariate.rds
recent_noextrapol_weights_common,Phyteuma orbiculare,PO,100,depth_to_bedrock,0.09134547226030547,9.134547226030547,0.09134547226030547,42,5,10,270,212,5,1,/auto/brno2/brno2/zbubster/diplomka/models/ESM/recent_noextrapol_weights_common/PO/100/esm_fit_bivariate.rds
recent_noextrapol_weights_common,Phyteuma orbiculare,PO,100,bio14,0.08587522177965923,8.587522177965923,0.08587522177965923,44,5,10,270,212,5,1,/auto/brno2/brno2/zbubster/diplomka/models/ESM/recent_noextrapol_weights_common/PO/100/esm_fit_bivariate.rds
recent_noextrapol_weights_common,Phyteuma orbiculare,PO,100,northness,0.07513053707644228,7.513053707644228,0.07513053707644228,41,5,10,270,212,5,1,/auto/brno2/brno2/zbubster/diplomka/models/ESM/recent_noextrapol_weights_common/PO/100/esm_fit_bivariate.rds
recent_noextrapol_weights_common,Phyteuma orbiculare,PO,100,HLI,0.07310166496945683,7.310166496945683,0.07310166496945683,40,5,10,270,212,5,1,/auto/brno2/brno2/zbubster/diplomka/models/ESM/recent_noextrapol_weights_common/PO/100/esm_fit_bivariate.rds
recent_noextrapol_weights_common,Phyteuma orbiculare,PO,100,soil_water_cap,0.07024604722615907,7.024604722615907,0.07024604722615907,39,5,10,270,212,5,1,/auto/brno2/brno2/zbubster/diplomka/models/ESM/recent_noextrapol_weights_common/PO/100/esm_fit_bivariate.rds
recent_noextrapol_weights_common,Phyteuma orbiculare,PO,100,bedrock,0.06754109798219095,6.754109798219095,0.06754109798219095,38,5,10,270,212,5,1,/auto/brno2/brno2/zbubster/diplomka/models/ESM/recent_noextrapol_weights_common/PO/100/esm_fit_bivariate.rds
recent_noextrapol_weights_common,Phyteuma orbiculare,PO,1000,bio12,0.18778491177595893,18.778491177595892,0.18778491177595893,45,5,10,270,182,5,1,/auto/brno2/brno2/zbubster/diplomka/models/ESM/recent_noextrapol_weights_common/PO/1000/esm_fit_bivariate.rds
recent_noextrapol_weights_common,Phyteuma orbiculare,PO,1000,landcover,0.1686175947312268,16.86175947312268,0.1686175947312268,45,5,10,270,182,5,1,/auto/brno2/brno2/zbubster/diplomka/models/ESM/recent_noextrapol_weights_common/PO/1000/esm_fit_bivariate.rds
recent_noextrapol_weights_common,Phyteuma orbiculare,PO,1000,bio06,0.15811531291133601,15.811531291133601,0.15811531291133601,45,5,10,270,182,5,1,/auto/brno2/brno2/zbubster/diplomka/models/ESM/recent_noextrapol_weights_common/PO/1000/esm_fit_bivariate.rds
recent_noextrapol_weights_common,Phyteuma orbiculare,PO,1000,soil_water_cap,0.08887718935099127,8.887718935099127,0.08887718935099127,40,5,10,270,182,5,1,/auto/brno2/brno2/zbubster/diplomka/models/ESM/recent_noextrapol_weights_common/PO/1000/esm_fit_bivariate.rds
recent_noextrapol_weights_common,Phyteuma orbiculare,PO,1000,bedrock,0.07723193330907406,7.723193330907406,0.07723193330907406,34,5,10,270,182,5,1,/auto/brno2/brno2/zbubster/diplomka/models/ESM/recent_noextrapol_weights_common/PO/1000/esm_fit_bivariate.rds
recent_noextrapol_weights_common,Phyteuma orbiculare,PO,1000,HLI,0.0702354620353569,7.023546203535689,0.0702354620353569,30,5,10,270,182,5,1,/auto/brno2/brno2/zbubster/diplomka/models/ESM/recent_noextrapol_weights_common/PO/1000/esm_fit_bivariate.rds
recent_noextrapol_weights_common,Phyteuma orbiculare,PO,1000,bio14,0.07019977433154631,7.019977433154631,0.07019977433154631,38,5,10,270,182,5,1,/auto/brno2/brno2/zbubster/diplomka/models/ESM/recent_noextrapol_weights_common/PO/1000/esm_fit_bivariate.rds
recent_noextrapol_weights_common,Phyteuma orbiculare,PO,1000,TWI,0.06914836868665168,6.9148368686651684,0.06914836868665168,31,5,10,270,182,5,1,/auto/brno2/brno2/zbubster/diplomka/models/ESM/recent_noextrapol_weights_common/PO/1000/esm_fit_bivariate.rds
recent_noextrapol_weights_common,Phyteuma orbiculare,PO,1000,northness,0.06096772568973667,6.096772568973667,0.06096772568973667,28,5,10,270,182,5,1,/auto/brno2/brno2/zbubster/diplomka/models/ESM/recent_noextrapol_weights_common/PO/1000/esm_fit_bivariate.rds
recent_noextrapol_weights_common,Phyteuma orbiculare,PO,1000,depth_to_bedrock,0.04882172717812146,4.8821727178121455,0.04882172717812146,28,5,10,270,182,5,1,/auto/brno2/brno2/zbubster/diplomka/models/ESM/recent_noextrapol_weights_common/PO/1000/esm_fit_bivariate.rds
recent_noextrapol_weights_common,Phyteuma orbiculare,PO,200,bio12,0.16373247132444532,16.373247132444533,0.16373247132444532,44,5,10,270,193,5,1,/auto/brno2/brno2/zbubster/diplomka/models/ESM/recent_noextrapol_weights_common/PO/200/esm_fit_bivariate.rds
recent_noextrapol_weights_common,Phyteuma orbiculare,PO,200,bio06,0.16215006979538787,16.21500697953879,0.16215006979538787,45,5,10,270,193,5,1,/auto/brno2/brno2/zbubster/diplomka/models/ESM/recent_noextrapol_weights_common/PO/200/esm_fit_bivariate.rds
recent_noextrapol_weights_common,Phyteuma orbiculare,PO,200,landcover,0.12690943984739098,12.690943984739098,0.12690943984739098,44,5,10,270,193,5,1,/auto/brno2/brno2/zbubster/diplomka/models/ESM/recent_noextrapol_weights_common/PO/200/esm_fit_bivariate.rds
recent_noextrapol_weights_common,Phyteuma orbiculare,PO,200,TWI,0.10957286969037494,10.957286969037494,0.10957286969037494,41,5,10,270,193,5,1,/auto/brno2/brno2/zbubster/diplomka/models/ESM/recent_noextrapol_weights_common/PO/200/esm_fit_bivariate.rds
recent_noextrapol_weights_common,Phyteuma orbiculare,PO,200,depth_to_bedrock,0.0998127512235393,9.98127512235393,0.0998127512235393,44,5,10,270,193,5,1,/auto/brno2/brno2/zbubster/diplomka/models/ESM/recent_noextrapol_weights_common/PO/200/esm_fit_bivariate.rds
recent_noextrapol_weights_common,Phyteuma orbiculare,PO,200,soil_water_cap,0.07417873221308112,7.4178732213081116,0.07417873221308112,36,5,10,270,193,5,1,/auto/brno2/brno2/zbubster/diplomka/models/ESM/recent_noextrapol_weights_common/PO/200/esm_fit_bivariate.rds
recent_noextrapol_weights_common,Phyteuma orbiculare,PO,200,northness,0.0715831487731032,7.15831487731032,0.0715831487731032,36,5,10,270,193,5,1,/auto/brno2/brno2/zbubster/diplomka/models/ESM/recent_noextrapol_weights_common/PO/200/esm_fit_bivariate.rds
recent_noextrapol_weights_common,Phyteuma orbiculare,PO,200,bedrock,0.06764546744985095,6.764546744985095,0.06764546744985095,32,5,10,270,193,5,1,/auto/brno2/brno2/zbubster/diplomka/models/ESM/recent_noextrapol_weights_common/PO/200/esm_fit_bivariate.rds
recent_noextrapol_weights_common,Phyteuma orbiculare,PO,200,bio14,0.06422266607083447,6.422266607083447,0.06422266607083447,34,5,10,270,193,5,1,/auto/brno2/brno2/zbubster/diplomka/models/ESM/recent_noextrapol_weights_common/PO/200/esm_fit_bivariate.rds
recent_noextrapol_weights_common,Phyteuma orbiculare,PO,200,HLI,0.060192383611991813,6.019238361199181,0.060192383611991813,30,5,10,270,193,5,1,/auto/brno2/brno2/zbubster/diplomka/models/ESM/recent_noextrapol_weights_common/PO/200/esm_fit_bivariate.rds
recent_noextrapol_weights_common,Phyteuma orbiculare,PO,500,bio12,0.1879100579229935,18.79100579229935,0.1879100579229935,45,5,10,270,202,5,1,/auto/brno2/brno2/zbubster/diplomka/models/ESM/recent_noextrapol_weights_common/PO/500/esm_fit_bivariate.rds
recent_noextrapol_weights_common,Phyteuma orbiculare,PO,500,landcover,0.14150265830337283,14.150265830337283,0.14150265830337283,45,5,10,270,202,5,1,/auto/brno2/brno2/zbubster/diplomka/models/ESM/recent_noextrapol_weights_common/PO/500/esm_fit_bivariate.rds
recent_noextrapol_weights_common,Phyteuma orbiculare,PO,500,bio06,0.13149044819620945,13.149044819620945,0.13149044819620945,45,5,10,270,202,5,1,/auto/brno2/brno2/zbubster/diplomka/models/ESM/recent_noextrapol_weights_common/PO/500/esm_fit_bivariate.rds
recent_noextrapol_weights_common,Phyteuma orbiculare,PO,500,northness,0.09129691528746375,9.129691528746376,0.09129691528746375,43,5,10,270,202,5,1,/auto/brno2/brno2/zbubster/diplomka/models/ESM/recent_noextrapol_weights_common/PO/500/esm_fit_bivariate.rds
recent_noextrapol_weights_common,Phyteuma orbiculare,PO,500,soil_water_cap,0.09046599755242536,9.046599755242536,0.09046599755242536,44,5,10,270,202,5,1,/auto/brno2/brno2/zbubster/diplomka/models/ESM/recent_noextrapol_weights_common/PO/500/esm_fit_bivariate.rds
recent_noextrapol_weights_common,Phyteuma orbiculare,PO,500,depth_to_bedrock,0.08087363317559704,8.087363317559703,0.08087363317559704,37,5,10,270,202,5,1,/auto/brno2/brno2/zbubster/diplomka/models/ESM/recent_noextrapol_weights_common/PO/500/esm_fit_bivariate.rds
recent_noextrapol_weights_common,Phyteuma orbiculare,PO,500,HLI,0.07930413982550763,7.930413982550763,0.07930413982550763,39,5,10,270,202,5,1,/auto/brno2/brno2/zbubster/diplomka/models/ESM/recent_noextrapol_weights_common/PO/500/esm_fit_bivariate.rds
recent_noextrapol_weights_common,Phyteuma orbiculare,PO,500,bio14,0.07761425795643179,7.761425795643179,0.07761425795643179,38,5,10,270,202,5,1,/auto/brno2/brno2/zbubster/diplomka/models/ESM/recent_noextrapol_weights_common/PO/500/esm_fit_bivariate.rds
recent_noextrapol_weights_common,Phyteuma orbiculare,PO,500,bedrock,0.06933839699291011,6.933839699291012,0.06933839699291011,34,5,10,270,202,5,1,/auto/brno2/brno2/zbubster/diplomka/models/ESM/recent_noextrapol_weights_common/PO/500/esm_fit_bivariate.rds
recent_noextrapol_weights_common,Phyteuma orbiculare,PO,500,TWI,0.05020349478708859,5.020349478708859,0.05020349478708859,34,5,10,270,202,5,1,/auto/brno2/brno2/zbubster/diplomka/models/ESM/recent_noextrapol_weights_common/PO/500/esm_fit_bivariate.rds
recent_noextrapol_weights_common,Phyteuma pseudorbiculare,PP,100,bio06,0.15732900496209543,15.732900496209542,0.1573290049620954,45,5,10,270,205,5,0.9999999999999999,/auto/brno2/brno2/zbubster/diplomka/models/ESM/recent_noextrapol_weights_common/PP/100/esm_fit_bivariate.rds
recent_noextrapol_weights_common,Phyteuma pseudorbiculare,PP,100,bio14,0.15627157898580005,15.627157898580005,0.15627157898580002,45,5,10,270,205,5,0.9999999999999999,/auto/brno2/brno2/zbubster/diplomka/models/ESM/recent_noextrapol_weights_common/PP/100/esm_fit_bivariate.rds
recent_noextrapol_weights_common,Phyteuma pseudorbiculare,PP,100,landcover,0.13239614830015892,13.239614830015892,0.1323961483001589,45,5,10,270,205,5,0.9999999999999999,/auto/brno2/brno2/zbubster/diplomka/models/ESM/recent_noextrapol_weights_common/PP/100/esm_fit_bivariate.rds
recent_noextrapol_weights_common,Phyteuma pseudorbiculare,PP,100,bio12,0.11887208660208638,11.887208660208639,0.11887208660208637,45,5,10,270,205,5,0.9999999999999999,/auto/brno2/brno2/zbubster/diplomka/models/ESM/recent_noextrapol_weights_common/PP/100/esm_fit_bivariate.rds
recent_noextrapol_weights_common,Phyteuma pseudorbiculare,PP,100,bedrock,0.08822780141969501,8.8227801419695009,0.088227801419695,41,5,10,270,205,5,0.9999999999999999,/auto/brno2/brno2/zbubster/diplomka/models/ESM/recent_noextrapol_weights_common/PP/100/esm_fit_bivariate.rds
recent_noextrapol_weights_common,Phyteuma pseudorbiculare,PP,100,HLI,0.08417983420787593,8.417983420787593,0.08417983420787592,41,5,10,270,205,5,0.9999999999999999,/auto/brno2/brno2/zbubster/diplomka/models/ESM/recent_noextrapol_weights_common/PP/100/esm_fit_bivariate.rds
recent_noextrapol_weights_common,Phyteuma pseudorbiculare,PP,100,depth_to_bedrock,0.07675794823405416,7.675794823405416,0.07675794823405414,39,5,10,270,205,5,0.9999999999999999,/auto/brno2/brno2/zbubster/diplomka/models/ESM/recent_noextrapol_weights_common/PP/100/esm_fit_bivariate.rds
recent_noextrapol_weights_common,Phyteuma pseudorbiculare,PP,100,soil_water_cap,0.06405678714943089,6.405678714943089,0.06405678714943087,37,5,10,270,205,5,0.9999999999999999,/auto/brno2/brno2/zbubster/diplomka/models/ESM/recent_noextrapol_weights_common/PP/100/esm_fit_bivariate.rds
recent_noextrapol_weights_common,Phyteuma pseudorbiculare,PP,100,TWI,0.06303569494502384,6.303569494502384,0.06303569494502383,39,5,10,270,205,5,0.9999999999999999,/auto/brno2/brno2/zbubster/diplomka/models/ESM/recent_noextrapol_weights_common/PP/100/esm_fit_bivariate.rds
recent_noextrapol_weights_common,Phyteuma pseudorbiculare,PP,100,northness,0.05887311519377951,5.887311519377951,0.0588731151937795,33,5,10,270,205,5,0.9999999999999999,/auto/brno2/brno2/zbubster/diplomka/models/ESM/recent_noextrapol_weights_common/PP/100/esm_fit_bivariate.rds
recent_noextrapol_weights_common,Phyteuma pseudorbiculare,PP,1000,bio12,0.15568297422753713,15.568297422753712,0.15568297422753713,44,5,10,270,189,5,1,/auto/brno2/brno2/zbubster/diplomka/models/ESM/recent_noextrapol_weights_common/PP/1000/esm_fit_bivariate.rds
recent_noextrapol_weights_common,Phyteuma pseudorbiculare,PP,1000,bio14,0.14063331462158718,14.063331462158718,0.14063331462158718,45,5,10,270,189,5,1,/auto/brno2/brno2/zbubster/diplomka/models/ESM/recent_noextrapol_weights_common/PP/1000/esm_fit_bivariate.rds
recent_noextrapol_weights_common,Phyteuma pseudorbiculare,PP,1000,bio06,0.1374041178032975,13.740411780329751,0.1374041178032975,43,5,10,270,189,5,1,/auto/brno2/brno2/zbubster/diplomka/models/ESM/recent_noextrapol_weights_common/PP/1000/esm_fit_bivariate.rds
recent_noextrapol_weights_common,Phyteuma pseudorbiculare,PP,1000,landcover,0.11248667903424735,11.248667903424735,0.11248667903424735,41,5,10,270,189,5,1,/auto/brno2/brno2/zbubster/diplomka/models/ESM/recent_noextrapol_weights_common/PP/1000/esm_fit_bivariate.rds
recent_noextrapol_weights_common,Phyteuma pseudorbiculare,PP,1000,soil_water_cap,0.1112744330458462,11.12744330458462,0.1112744330458462,43,5,10,270,189,5,1,/auto/brno2/brno2/zbubster/diplomka/models/ESM/recent_noextrapol_weights_common/PP/1000/esm_fit_bivariate.rds
recent_noextrapol_weights_common,Phyteuma pseudorbiculare,PP,1000,bedrock,0.0798023811773948,7.98023811773948,0.0798023811773948,34,5,10,270,189,5,1,/auto/brno2/brno2/zbubster/diplomka/models/ESM/recent_noextrapol_weights_common/PP/1000/esm_fit_bivariate.rds
recent_noextrapol_weights_common,Phyteuma pseudorbiculare,PP,1000,TWI,0.07800068730607626,7.800068730607626,0.07800068730607626,37,5,10,270,189,5,1,/auto/brno2/brno2/zbubster/diplomka/models/ESM/recent_noextrapol_weights_common/PP/1000/esm_fit_bivariate.rds
recent_noextrapol_weights_common,Phyteuma pseudorbiculare,PP,1000,depth_to_bedrock,0.07618681442755396,7.6186814427553955,0.07618681442755396,35,5,10,270,189,5,1,/auto/brno2/brno2/zbubster/diplomka/models/ESM/recent_noextrapol_weights_common/PP/1000/esm_fit_bivariate.rds
recent_noextrapol_weights_common,Phyteuma pseudorbiculare,PP,1000,HLI,0.06590947510480374,6.590947510480374,0.06590947510480374,34,5,10,270,189,5,1,/auto/brno2/brno2/zbubster/diplomka/models/ESM/recent_noextrapol_weights_common/PP/1000/esm_fit_bivariate.rds
recent_noextrapol_weights_common,Phyteuma pseudorbiculare,PP,1000,northness,0.04261912325165584,4.261912325165584,0.04261912325165584,22,5,10,270,189,5,1,/auto/brno2/brno2/zbubster/diplomka/models/ESM/recent_noextrapol_weights_common/PP/1000/esm_fit_bivariate.rds
recent_noextrapol_weights_common,Phyteuma pseudorbiculare,PP,200,bio14,0.16474537771331788,16.47453777133179,0.16474537771331788,45,5,10,270,204,5,1,/auto/brno2/brno2/zbubster/diplomka/models/ESM/recent_noextrapol_weights_common/PP/200/esm_fit_bivariate.rds
recent_noextrapol_weights_common,Phyteuma pseudorbiculare,PP,200,bio06,0.14949153833292766,14.949153833292767,0.14949153833292766,45,5,10,270,204,5,1,/auto/brno2/brno2/zbubster/diplomka/models/ESM/recent_noextrapol_weights_common/PP/200/esm_fit_bivariate.rds
recent_noextrapol_weights_common,Phyteuma pseudorbiculare,PP,200,bio12,0.1292659124369766,12.926591243697661,0.1292659124369766,45,5,10,270,204,5,1,/auto/brno2/brno2/zbubster/diplomka/models/ESM/recent_noextrapol_weights_common/PP/200/esm_fit_bivariate.rds
recent_noextrapol_weights_common,Phyteuma pseudorbiculare,PP,200,landcover,0.11210366242609421,11.210366242609421,0.11210366242609421,45,5,10,270,204,5,1,/auto/brno2/brno2/zbubster/diplomka/models/ESM/recent_noextrapol_weights_common/PP/200/esm_fit_bivariate.rds
recent_noextrapol_weights_common,Phyteuma pseudorbiculare,PP,200,depth_to_bedrock,0.09893481184557078,9.893481184557078,0.09893481184557078,43,5,10,270,204,5,1,/auto/brno2/brno2/zbubster/diplomka/models/ESM/recent_noextrapol_weights_common/PP/200/esm_fit_bivariate.rds
recent_noextrapol_weights_common,Phyteuma pseudorbiculare,PP,200,bedrock,0.08305869903433599,8.3058699034336,0.08305869903433599,39,5,10,270,204,5,1,/auto/brno2/brno2/zbubster/diplomka/models/ESM/recent_noextrapol_weights_common/PP/200/esm_fit_bivariate.rds
recent_noextrapol_weights_common,Phyteuma pseudorbiculare,PP,200,TWI,0.07220748947446648,7.220748947446648,0.07220748947446648,38,5,10,270,204,5,1,/auto/brno2/brno2/zbubster/diplomka/models/ESM/recent_noextrapol_weights_common/PP/200/esm_fit_bivariate.rds
recent_noextrapol_weights_common,Phyteuma pseudorbiculare,PP,200,soil_water_cap,0.06741862018745863,6.741862018745863,0.06741862018745863,40,5,10,270,204,5,1,/auto/brno2/brno2/zbubster/diplomka/models/ESM/recent_noextrapol_weights_common/PP/200/esm_fit_bivariate.rds
recent_noextrapol_weights_common,Phyteuma pseudorbiculare,PP,200,HLI,0.06277223361721594,6.277223361721594,0.06277223361721594,35,5,10,270,204,5,1,/auto/brno2/brno2/zbubster/diplomka/models/ESM/recent_noextrapol_weights_common/PP/200/esm_fit_bivariate.rds
recent_noextrapol_weights_common,Phyteuma pseudorbiculare,PP,200,northness,0.06000165493163583,6.000165493163583,0.06000165493163583,33,5,10,270,204,5,1,/auto/brno2/brno2/zbubster/diplomka/models/ESM/recent_noextrapol_weights_common/PP/200/esm_fit_bivariate.rds
recent_noextrapol_weights_common,Phyteuma pseudorbiculare,PP,500,bio06,0.14423047592583793,14.423047592583792,0.14423047592583793,45,5,10,270,207,5,1,/auto/brno2/brno2/zbubster/diplomka/models/ESM/recent_noextrapol_weights_common/PP/500/esm_fit_bivariate.rds
recent_noextrapol_weights_common,Phyteuma pseudorbiculare,PP,500,landcover,0.12898184364549534,12.898184364549534,0.12898184364549534,44,5,10,270,207,5,1,/auto/brno2/brno2/zbubster/diplomka/models/ESM/recent_noextrapol_weights_common/PP/500/esm_fit_bivariate.rds
recent_noextrapol_weights_common,Phyteuma pseudorbiculare,PP,500,bio12,0.1146563851179457,11.46563851179457,0.1146563851179457,45,5,10,270,207,5,1,/auto/brno2/brno2/zbubster/diplomka/models/ESM/recent_noextrapol_weights_common/PP/500/esm_fit_bivariate.rds
recent_noextrapol_weights_common,Phyteuma pseudorbiculare,PP,500,soil_water_cap,0.11144478571662708,11.144478571662708,0.11144478571662708,45,5,10,270,207,5,1,/auto/brno2/brno2/zbubster/diplomka/models/ESM/recent_noextrapol_weights_common/PP/500/esm_fit_bivariate.rds
recent_noextrapol_weights_common,Phyteuma pseudorbiculare,PP,500,depth_to_bedrock,0.1080040090295998,10.80040090295998,0.1080040090295998,45,5,10,270,207,5,1,/auto/brno2/brno2/zbubster/diplomka/models/ESM/recent_noextrapol_weights_common/PP/500/esm_fit_bivariate.rds
recent_noextrapol_weights_common,Phyteuma pseudorbiculare,PP,500,bio14,0.10686320266154686,10.686320266154686,0.10686320266154686,45,5,10,270,207,5,1,/auto/brno2/brno2/zbubster/diplomka/models/ESM/recent_noextrapol_weights_common/PP/500/esm_fit_bivariate.rds
recent_noextrapol_weights_common,Phyteuma pseudorbiculare,PP,500,HLI,0.09164929801064482,9.164929801064483,0.09164929801064482,41,5,10,270,207,5,1,/auto/brno2/brno2/zbubster/diplomka/models/ESM/recent_noextrapol_weights_common/PP/500/esm_fit_bivariate.rds
recent_noextrapol_weights_common,Phyteuma pseudorbiculare,PP,500,bedrock,0.08272965229825138,8.272965229825138,0.08272965229825138,36,5,10,270,207,5,1,/auto/brno2/brno2/zbubster/diplomka/models/ESM/recent_noextrapol_weights_common/PP/500/esm_fit_bivariate.rds
recent_noextrapol_weights_common,Phyteuma pseudorbiculare,PP,500,TWI,0.061486378687068154,6.148637868706816,0.061486378687068154,36,5,10,270,207,5,1,/auto/brno2/brno2/zbubster/diplomka/models/ESM/recent_noextrapol_weights_common/PP/500/esm_fit_bivariate.rds
recent_noextrapol_weights_common,Phyteuma pseudorbiculare,PP,500,northness,0.049953968906982955,4.995396890698296,0.049953968906982955,32,5,10,270,207,5,1,/auto/brno2/brno2/zbubster/diplomka/models/ESM/recent_noextrapol_weights_common/PP/500/esm_fit_bivariate.rds
recent_noextrapol_weights_common,Saxifraga blavii,SB,100,bio06,0.1695648224828442,16.95648224828442,0.1695648224828442,45,5,10,270,210,5,1,/auto/brno2/brno2/zbubster/diplomka/models/ESM/recent_noextrapol_weights_common/SB/100/esm_fit_bivariate.rds
recent_noextrapol_weights_common,Saxifraga blavii,SB,100,landcover,0.14800873583539087,14.800873583539087,0.14800873583539087,45,5,10,270,210,5,1,/auto/brno2/brno2/zbubster/diplomka/models/ESM/recent_noextrapol_weights_common/SB/100/esm_fit_bivariate.rds
recent_noextrapol_weights_common,Saxifraga blavii,SB,100,bio12,0.11942750380342837,11.942750380342837,0.11942750380342837,45,5,10,270,210,5,1,/auto/brno2/brno2/zbubster/diplomka/models/ESM/recent_noextrapol_weights_common/SB/100/esm_fit_bivariate.rds
recent_noextrapol_weights_common,Saxifraga blavii,SB,100,bedrock,0.09959392048232796,9.959392048232797,0.09959392048232796,45,5,10,270,210,5,1,/auto/brno2/brno2/zbubster/diplomka/models/ESM/recent_noextrapol_weights_common/SB/100/esm_fit_bivariate.rds
recent_noextrapol_weights_common,Saxifraga blavii,SB,100,soil_water_cap,0.09049407684878757,9.049407684878757,0.09049407684878757,43,5,10,270,210,5,1,/auto/brno2/brno2/zbubster/diplomka/models/ESM/recent_noextrapol_weights_common/SB/100/esm_fit_bivariate.rds
recent_noextrapol_weights_common,Saxifraga blavii,SB,100,HLI,0.08918662254164252,8.918662254164252,0.08918662254164252,40,5,10,270,210,5,1,/auto/brno2/brno2/zbubster/diplomka/models/ESM/recent_noextrapol_weights_common/SB/100/esm_fit_bivariate.rds
recent_noextrapol_weights_common,Saxifraga blavii,SB,100,depth_to_bedrock,0.0795734493700471,7.957344937004709,0.0795734493700471,41,5,10,270,210,5,1,/auto/brno2/brno2/zbubster/diplomka/models/ESM/recent_noextrapol_weights_common/SB/100/esm_fit_bivariate.rds
recent_noextrapol_weights_common,Saxifraga blavii,SB,100,TWI,0.07171352784714573,7.171352784714573,0.07171352784714573,36,5,10,270,210,5,1,/auto/brno2/brno2/zbubster/diplomka/models/ESM/recent_noextrapol_weights_common/SB/100/esm_fit_bivariate.rds
recent_noextrapol_weights_common,Saxifraga blavii,SB,100,northness,0.06919597315804915,6.919597315804915,0.06919597315804915,39,5,10,270,210,5,1,/auto/brno2/brno2/zbubster/diplomka/models/ESM/recent_noextrapol_weights_common/SB/100/esm_fit_bivariate.rds
recent_noextrapol_weights_common,Saxifraga blavii,SB,100,bio14,0.06324136763033657,6.324136763033657,0.06324136763033657,41,5,10,270,210,5,1,/auto/brno2/brno2/zbubster/diplomka/models/ESM/recent_noextrapol_weights_common/SB/100/esm_fit_bivariate.rds
recent_noextrapol_weights_common,Saxifraga blavii,SB,1000,bio06,0.1809961756933572,18.09961756933572,0.18099617569335716,45,5,10,270,213,5,0.9999999999999999,/auto/brno2/brno2/zbubster/diplomka/models/ESM/recent_noextrapol_weights_common/SB/1000/esm_fit_bivariate.rds
recent_noextrapol_weights_common,Saxifraga blavii,SB,1000,landcover,0.1412748909726735,14.12748909726735,0.14127489097267348,45,5,10,270,213,5,0.9999999999999999,/auto/brno2/brno2/zbubster/diplomka/models/ESM/recent_noextrapol_weights_common/SB/1000/esm_fit_bivariate.rds
recent_noextrapol_weights_common,Saxifraga blavii,SB,1000,bio12,0.11433171870467458,11.433171870467458,0.11433171870467457,45,5,10,270,213,5,0.9999999999999999,/auto/brno2/brno2/zbubster/diplomka/models/ESM/recent_noextrapol_weights_common/SB/1000/esm_fit_bivariate.rds
recent_noextrapol_weights_common,Saxifraga blavii,SB,1000,bedrock,0.1103959224953202,11.039592249532019,0.11039592249532018,45,5,10,270,213,5,0.9999999999999999,/auto/brno2/brno2/zbubster/diplomka/models/ESM/recent_noextrapol_weights_common/SB/1000/esm_fit_bivariate.rds
recent_noextrapol_weights_common,Saxifraga blavii,SB,1000,bio14,0.10491116134775448,10.491116134775448,0.10491116134775447,45,5,10,270,213,5,0.9999999999999999,/auto/brno2/brno2/zbubster/diplomka/models/ESM/recent_noextrapol_weights_common/SB/1000/esm_fit_bivariate.rds
recent_noextrapol_weights_common,Saxifraga blavii,SB,1000,soil_water_cap,0.08009189106324485,8.009189106324484,0.08009189106324484,43,5,10,270,213,5,0.9999999999999999,/auto/brno2/brno2/zbubster/diplomka/models/ESM/recent_noextrapol_weights_common/SB/1000/esm_fit_bivariate.rds
recent_noextrapol_weights_common,Saxifraga blavii,SB,1000,depth_to_bedrock,0.07471050446119418,7.471050446119418,0.07471050446119416,44,5,10,270,213,5,0.9999999999999999,/auto/brno2/brno2/zbubster/diplomka/models/ESM/recent_noextrapol_weights_common/SB/1000/esm_fit_bivariate.rds
recent_noextrapol_weights_common,Saxifraga blavii,SB,1000,TWI,0.06814608250681031,6.814608250681031,0.0681460825068103,39,5,10,270,213,5,0.9999999999999999,/auto/brno2/brno2/zbubster/diplomka/models/ESM/recent_noextrapol_weights_common/SB/1000/esm_fit_bivariate.rds
recent_noextrapol_weights_common,Saxifraga blavii,SB,1000,HLI,0.06449446509617687,6.449446509617688,0.06449446509617686,37,5,10,270,213,5,0.9999999999999999,/auto/brno2/brno2/zbubster/diplomka/models/ESM/recent_noextrapol_weights_common/SB/1000/esm_fit_bivariate.rds
recent_noextrapol_weights_common,Saxifraga blavii,SB,1000,northness,0.060647187658793913,6.064718765879391,0.06064718765879391,38,5,10,270,213,5,0.9999999999999999,/auto/brno2/brno2/zbubster/diplomka/models/ESM/recent_noextrapol_weights_common/SB/1000/esm_fit_bivariate.rds
recent_noextrapol_weights_common,Saxifraga blavii,SB,200,bio06,0.18540456328487803,18.540456328487803,0.18540456328487803,45,5,10,270,203,5,1,/auto/brno2/brno2/zbubster/diplomka/models/ESM/recent_noextrapol_weights_common/SB/200/esm_fit_bivariate.rds
recent_noextrapol_weights_common,Saxifraga blavii,SB,200,landcover,0.13512726189475918,13.512726189475918,0.13512726189475918,45,5,10,270,203,5,1,/auto/brno2/brno2/zbubster/diplomka/models/ESM/recent_noextrapol_weights_common/SB/200/esm_fit_bivariate.rds
recent_noextrapol_weights_common,Saxifraga blavii,SB,200,bio12,0.1317102946864594,13.171029468645939,0.1317102946864594,45,5,10,270,203,5,1,/auto/brno2/brno2/zbubster/diplomka/models/ESM/recent_noextrapol_weights_common/SB/200/esm_fit_bivariate.rds
recent_noextrapol_weights_common,Saxifraga blavii,SB,200,bio14,0.10047911164911694,10.047911164911694,0.10047911164911694,45,5,10,270,203,5,1,/auto/brno2/brno2/zbubster/diplomka/models/ESM/recent_noextrapol_weights_common/SB/200/esm_fit_bivariate.rds
recent_noextrapol_weights_common,Saxifraga blavii,SB,200,soil_water_cap,0.09913253645060655,9.913253645060655,0.09913253645060655,44,5,10,270,203,5,1,/auto/brno2/brno2/zbubster/diplomka/models/ESM/recent_noextrapol_weights_common/SB/200/esm_fit_bivariate.rds
recent_noextrapol_weights_common,Saxifraga blavii,SB,200,bedrock,0.08194255352377405,8.194255352377406,0.08194255352377405,38,5,10,270,203,5,1,/auto/brno2/brno2/zbubster/diplomka/models/ESM/recent_noextrapol_weights_common/SB/200/esm_fit_bivariate.rds
recent_noextrapol_weights_common,Saxifraga blavii,SB,200,depth_to_bedrock,0.0755623790855244,7.556237908552441,0.0755623790855244,38,5,10,270,203,5,1,/auto/brno2/brno2/zbubster/diplomka/models/ESM/recent_noextrapol_weights_common/SB/200/esm_fit_bivariate.rds
recent_noextrapol_weights_common,Saxifraga blavii,SB,200,HLI,0.06492530161854482,6.492530161854482,0.06492530161854482,37,5,10,270,203,5,1,/auto/brno2/brno2/zbubster/diplomka/models/ESM/recent_noextrapol_weights_common/SB/200/esm_fit_bivariate.rds
recent_noextrapol_weights_common,Saxifraga blavii,SB,200,TWI,0.06364911922781152,6.364911922781152,0.06364911922781152,37,5,10,270,203,5,1,/auto/brno2/brno2/zbubster/diplomka/models/ESM/recent_noextrapol_weights_common/SB/200/esm_fit_bivariate.rds
recent_noextrapol_weights_common,Saxifraga blavii,SB,200,northness,0.06206687857852516,6.206687857852516,0.06206687857852516,32,5,10,270,203,5,1,/auto/brno2/brno2/zbubster/diplomka/models/ESM/recent_noextrapol_weights_common/SB/200/esm_fit_bivariate.rds
recent_noextrapol_weights_common,Saxifraga blavii,SB,500,bio06,0.1664077162802829,16.64077162802829,0.1664077162802829,45,5,10,270,221,5,1,/auto/brno2/brno2/zbubster/diplomka/models/ESM/recent_noextrapol_weights_common/SB/500/esm_fit_bivariate.rds
recent_noextrapol_weights_common,Saxifraga blavii,SB,500,landcover,0.14539853731342461,14.539853731342461,0.14539853731342461,45,5,10,270,221,5,1,/auto/brno2/brno2/zbubster/diplomka/models/ESM/recent_noextrapol_weights_common/SB/500/esm_fit_bivariate.rds
recent_noextrapol_weights_common,Saxifraga blavii,SB,500,bio12,0.12182607294927367,12.182607294927367,0.12182607294927367,45,5,10,270,221,5,1,/auto/brno2/brno2/zbubster/diplomka/models/ESM/recent_noextrapol_weights_common/SB/500/esm_fit_bivariate.rds
recent_noextrapol_weights_common,Saxifraga blavii,SB,500,bedrock,0.09419659749252059,9.419659749252059,0.09419659749252059,45,5,10,270,221,5,1,/auto/brno2/brno2/zbubster/diplomka/models/ESM/recent_noextrapol_weights_common/SB/500/esm_fit_bivariate.rds
recent_noextrapol_weights_common,Saxifraga blavii,SB,500,bio14,0.0935967593833184,9.35967593833184,0.0935967593833184,45,5,10,270,221,5,1,/auto/brno2/brno2/zbubster/diplomka/models/ESM/recent_noextrapol_weights_common/SB/500/esm_fit_bivariate.rds
recent_noextrapol_weights_common,Saxifraga blavii,SB,500,HLI,0.08168366060296292,8.168366060296291,0.08168366060296292,42,5,10,270,221,5,1,/auto/brno2/brno2/zbubster/diplomka/models/ESM/recent_noextrapol_weights_common/SB/500/esm_fit_bivariate.rds
recent_noextrapol_weights_common,Saxifraga blavii,SB,500,soil_water_cap,0.07965783264283306,7.965783264283306,0.07965783264283306,44,5,10,270,221,5,1,/auto/brno2/brno2/zbubster/diplomka/models/ESM/recent_noextrapol_weights_common/SB/500/esm_fit_bivariate.rds
recent_noextrapol_weights_common,Saxifraga blavii,SB,500,depth_to_bedrock,0.07418823497684311,7.418823497684311,0.07418823497684311,44,5,10,270,221,5,1,/auto/brno2/brno2/zbubster/diplomka/models/ESM/recent_noextrapol_weights_common/SB/500/esm_fit_bivariate.rds
recent_noextrapol_weights_common,Saxifraga blavii,SB,500,northness,0.07315620315849461,7.315620315849461,0.07315620315849461,44,5,10,270,221,5,1,/auto/brno2/brno2/zbubster/diplomka/models/ESM/recent_noextrapol_weights_common/SB/500/esm_fit_bivariate.rds
recent_noextrapol_weights_common,Saxifraga blavii,SB,500,TWI,0.06988838520004613,6.988838520004613,0.06988838520004613,43,5,10,270,221,5,1,/auto/brno2/brno2/zbubster/diplomka/models/ESM/recent_noextrapol_weights_common/SB/500/esm_fit_bivariate.rds
